#
# There is insufficient memory for the Java Runtime Environment to continue.
# Native memory allocation (mmap) failed to map 33554432 bytes. Error detail: G1 virtual space
# Possible reasons:
#   The system is out of physical RAM or swap space
#   This process is running with CompressedOops enabled, and the Java Heap may be blocking the growth of the native heap
# Possible solutions:
#   Reduce memory load on the system
#   Increase physical memory or swap space
#   Check if swap backing store is full
#   Decrease Java heap size (-Xmx/-Xms)
#   Decrease number of Java threads
#   Decrease Java thread stack sizes (-Xss)
#   Set larger code cache with -XX:ReservedCodeCacheSize=
#   JVM is running with Unscaled Compressed Oops mode in which the Java heap is
#     placed in the first 4GB address space. The Java Heap base address is the
#     maximum limit for the native heap growth. Please use -XX:HeapBaseMinAddress
#     to set the Java Heap base and to place the Java Heap above 4GB virtual address.
# This output file may be truncated or incomplete.
#
#  Out of Memory Error (os_windows.cpp:3925), pid=12352, tid=12592
#
# JRE version: OpenJDK Runtime Environment (21.0.9) (build 21.0.9+-14787801-b1163.94)
# Java VM: OpenJDK 64-Bit Server VM (21.0.9+-14787801-b1163.94, mixed mode, tiered, compressed oops, compressed class ptrs, g1 gc, windows-amd64)
# No core dump will be written. Minidumps are not enabled by default on client versions of Windows
#

---------------  S U M M A R Y ------------

Command Line: --add-opens=java.base/java.util=ALL-UNNAMED --add-opens=java.base/java.lang=ALL-UNNAMED --add-opens=java.base/java.lang.invoke=ALL-UNNAMED --add-opens=java.prefs/java.util.prefs=ALL-UNNAMED --add-opens=java.base/java.nio.charset=ALL-UNNAMED --add-opens=java.base/java.net=ALL-UNNAMED --add-opens=java.base/java.util.concurrent.atomic=ALL-UNNAMED -Xmx2048m -Dfile.encoding=UTF-8 -Duser.country=LU -Duser.language=fr -Duser.variant -javaagent:C:\Users\Tortue\.gradle\wrapper\dists\gradle-8.7-bin\bhs2wmbdwecv87pi65oeuq5iu\gradle-8.7\lib\agents\gradle-instrumentation-agent-8.7.jar org.gradle.launcher.daemon.bootstrap.GradleDaemon 8.7

Host: Intel(R) Core(TM) i3-4100M CPU @ 2.50GHz, 4 cores, 11G,  Windows 10 , 64 bit Build 19041 (10.0.19041.5915)
Time: Sun May 10 16:47:09 2026 elapsed time: 28.010703 seconds (0d 0h 0m 28s)

---------------  T H R E A D  ---------------

Current thread (0x000001b4e4212050):  VMThread "VM Thread"          [id=12592, stack(0x00000005ffc00000,0x00000005ffd00000) (1024K)]

Stack: [0x00000005ffc00000,0x00000005ffd00000]
Native frames: (J=compiled Java code, j=interpreted, Vv=VM code, C=native code)
V  [jvm.dll+0x6d6c99]
V  [jvm.dll+0x866b83]
V  [jvm.dll+0x8691ae]
V  [jvm.dll+0x869893]
V  [jvm.dll+0x280776]
V  [jvm.dll+0x6d3555]
V  [jvm.dll+0x6c6bea]
V  [jvm.dll+0x3587fb]
V  [jvm.dll+0x360476]
V  [jvm.dll+0x3b2646]
V  [jvm.dll+0x3b2918]
V  [jvm.dll+0x32af0c]
V  [jvm.dll+0x32af97]
V  [jvm.dll+0x370e7c]
V  [jvm.dll+0x36f62e]
V  [jvm.dll+0x32a661]
V  [jvm.dll+0x36ed30]
V  [jvm.dll+0x86f618]
V  [jvm.dll+0x870994]
V  [jvm.dll+0x870ed0]
V  [jvm.dll+0x871163]
V  [jvm.dll+0x80f118]
V  [jvm.dll+0x6d54ed]
C  [ucrtbase.dll+0x21bb2]
C  [KERNEL32.DLL+0x17374]
C  [ntdll.dll+0x4cc91]

VM_Operation (0x00000005811f2110): G1CollectForAllocation, mode: safepoint, requested by thread 0x000001b4e98fdb40


---------------  P R O C E S S  ---------------

Threads class SMR info:
_java_thread_list=0x000001b4ed966cb0, length=48, elements={
0x000001b4cb00f170, 0x000001b4e423d5f0, 0x000001b4e42727d0, 0x000001b4e4265e80,
0x000001b4e4267500, 0x000001b4e4268c30, 0x000001b4e4292630, 0x000001b4e4293830,
0x000001b4e429bf50, 0x000001b4e42a0a00, 0x000001b4e457eb20, 0x000001b4e9919780,
0x000001b4e97f2f80, 0x000001b4e98d7fb0, 0x000001b4ead99ca0, 0x000001b4ead9a310,
0x000001b4eac5c010, 0x000001b4e98fdb40, 0x000001b4e98fc790, 0x000001b4e98fce20,
0x000001b4e98fd4b0, 0x000001b4ea7d8800, 0x000001b4ea7da240, 0x000001b4ea7da8d0,
0x000001b4ea7d7450, 0x000001b4ea7d9520, 0x000001b4ea7d8170, 0x000001b4ea7d7ae0,
0x000001b4ea7d8e90, 0x000001b4ecf5d120, 0x000001b4ecf5b050, 0x000001b4ecf5d7b0,
0x000001b4ecf5c400, 0x000001b4ecf62670, 0x000001b4ecf5e4d0, 0x000001b4ecf5de40,
0x000001b4ecf61950, 0x000001b4ecf5b6e0, 0x000001b4ecf5bd70, 0x000001b4ecf5f1f0,
0x000001b4ed350180, 0x000001b4ed351530, 0x000001b4ed350810, 0x000001b4ed34faf0,
0x000001b4ed2c5e10, 0x000001b4ed2c5780, 0x000001b4ed2bf510, 0x000001b4ed230520
}

Java Threads: ( => current thread )
  0x000001b4cb00f170 JavaThread "main"                              [_thread_blocked, id=14264, stack(0x00000005ff500000,0x00000005ff600000) (1024K)]
  0x000001b4e423d5f0 JavaThread "Common-Cleaner"             daemon [_thread_blocked, id=11212, stack(0x00000005ffd00000,0x00000005ffe00000) (1024K)]
  0x000001b4e42727d0 JavaThread "Reference Handler"          daemon [_thread_blocked, id=3944, stack(0x00000005ffe00000,0x00000005fff00000) (1024K)]
  0x000001b4e4265e80 JavaThread "Finalizer"                  daemon [_thread_blocked, id=15060, stack(0x00000005fff00000,0x0000000600000000) (1024K)]
  0x000001b4e4267500 JavaThread "Signal Dispatcher"          daemon [_thread_blocked, id=32, stack(0x0000000580000000,0x0000000580100000) (1024K)]
  0x000001b4e4268c30 JavaThread "Attach Listener"            daemon [_thread_blocked, id=14124, stack(0x0000000580100000,0x0000000580200000) (1024K)]
  0x000001b4e4292630 JavaThread "Service Thread"             daemon [_thread_blocked, id=3300, stack(0x0000000580200000,0x0000000580300000) (1024K)]
  0x000001b4e4293830 JavaThread "Monitor Deflation Thread"   daemon [_thread_blocked, id=11936, stack(0x0000000580300000,0x0000000580400000) (1024K)]
  0x000001b4e429bf50 JavaThread "C2 CompilerThread0"         daemon [_thread_blocked, id=9344, stack(0x0000000580400000,0x0000000580500000) (1024K)]
  0x000001b4e42a0a00 JavaThread "C1 CompilerThread0"         daemon [_thread_blocked, id=7132, stack(0x0000000580500000,0x0000000580600000) (1024K)]
  0x000001b4e457eb20 JavaThread "Notification Thread"        daemon [_thread_blocked, id=10256, stack(0x0000000580600000,0x0000000580700000) (1024K)]
  0x000001b4e9919780 JavaThread "Daemon health stats"               [_thread_blocked, id=7956, stack(0x0000000580b00000,0x0000000580c00000) (1024K)]
  0x000001b4e97f2f80 JavaThread "Incoming local TCP Connector on port 52355"        [_thread_in_native, id=6580, stack(0x0000000580c00000,0x0000000580d00000) (1024K)]
  0x000001b4e98d7fb0 JavaThread "Daemon periodic checks"            [_thread_blocked, id=11276, stack(0x0000000580d00000,0x0000000580e00000) (1024K)]
  0x000001b4ead99ca0 JavaThread "Daemon"                            [_thread_blocked, id=5652, stack(0x0000000580e00000,0x0000000580f00000) (1024K)]
  0x000001b4ead9a310 JavaThread "Handler for socket connection from /127.0.0.1:52355 to /127.0.0.1:52358"        [_thread_in_native, id=11688, stack(0x0000000580f00000,0x0000000581000000) (1024K)]
  0x000001b4eac5c010 JavaThread "Cancel handler"                    [_thread_blocked, id=8996, stack(0x0000000581000000,0x0000000581100000) (1024K)]
  0x000001b4e98fdb40 JavaThread "Daemon worker"                     [_thread_blocked, id=1124, stack(0x0000000581100000,0x0000000581200000) (1024K)]
  0x000001b4e98fc790 JavaThread "Asynchronous log dispatcher for DefaultDaemonConnection: socket connection from /127.0.0.1:52355 to /127.0.0.1:52358"        [_thread_blocked, id=10612, stack(0x0000000581200000,0x0000000581300000) (1024K)]
  0x000001b4e98fce20 JavaThread "Stdin handler"                     [_thread_blocked, id=1188, stack(0x0000000581300000,0x0000000581400000) (1024K)]
  0x000001b4e98fd4b0 JavaThread "Daemon client event forwarder"        [_thread_blocked, id=7228, stack(0x0000000581400000,0x0000000581500000) (1024K)]
  0x000001b4ea7d8800 JavaThread "Cache worker for journal cache (C:\Users\Tortue\.gradle\caches\journal-1)"        [_thread_blocked, id=10756, stack(0x0000000580700000,0x0000000580800000) (1024K)]
  0x000001b4ea7da240 JavaThread "File lock request listener"        [_thread_in_native, id=7356, stack(0x0000000581600000,0x0000000581700000) (1024K)]
  0x000001b4ea7da8d0 JavaThread "Cache worker for file hash cache (C:\Users\Tortue\.gradle\caches\8.7\fileHashes)"        [_thread_blocked, id=14424, stack(0x0000000581700000,0x0000000581800000) (1024K)]
  0x000001b4ea7d7450 JavaThread "Cache worker for file hash cache (E:\M1 Projet 2025\Kajimbatsiko\.gradle\8.7\fileHashes)"        [_thread_blocked, id=13728, stack(0x0000000581800000,0x0000000581900000) (1024K)]
  0x000001b4ea7d9520 JavaThread "File watcher server"        daemon [_thread_blocked, id=3424, stack(0x0000000581900000,0x0000000581a00000) (1024K)]
  0x000001b4ea7d8170 JavaThread "File watcher consumer"      daemon [_thread_blocked, id=3956, stack(0x0000000581a00000,0x0000000581b00000) (1024K)]
  0x000001b4ea7d7ae0 JavaThread "jar transforms"                    [_thread_blocked, id=10992, stack(0x0000000581b00000,0x0000000581c00000) (1024K)]
  0x000001b4ea7d8e90 JavaThread "jar transforms Thread 2"           [_thread_blocked, id=12616, stack(0x0000000581c00000,0x0000000581d00000) (1024K)]
  0x000001b4ecf5d120 JavaThread "jar transforms Thread 3"           [_thread_blocked, id=4400, stack(0x0000000581d00000,0x0000000581e00000) (1024K)]
  0x000001b4ecf5b050 JavaThread "jar transforms Thread 4"           [_thread_blocked, id=10560, stack(0x0000000581e00000,0x0000000581f00000) (1024K)]
  0x000001b4ecf5d7b0 JavaThread "Cache worker for checksums cache (E:\M1 Projet 2025\Kajimbatsiko\.gradle\8.7\checksums)"        [_thread_blocked, id=4152, stack(0x0000000581f00000,0x0000000582000000) (1024K)]
  0x000001b4ecf5c400 JavaThread "Cache worker for cache directory md-supplier (C:\Users\Tortue\.gradle\caches\8.7\md-supplier)"        [_thread_blocked, id=9412, stack(0x0000000582000000,0x0000000582100000) (1024K)]
  0x000001b4ecf62670 JavaThread "Cache worker for cache directory md-rule (C:\Users\Tortue\.gradle\caches\8.7\md-rule)"        [_thread_blocked, id=4584, stack(0x0000000582100000,0x0000000582200000) (1024K)]
  0x000001b4ecf5e4d0 JavaThread "Cache worker for file content cache (C:\Users\Tortue\.gradle\caches\8.7\fileContent)"        [_thread_blocked, id=3288, stack(0x0000000582200000,0x0000000582300000) (1024K)]
  0x000001b4ecf5de40 JavaThread "Unconstrained build operations"        [_thread_blocked, id=10196, stack(0x0000000582300000,0x0000000582400000) (1024K)]
  0x000001b4ecf61950 JavaThread "Unconstrained build operations Thread 2"        [_thread_blocked, id=13828, stack(0x0000000582400000,0x0000000582500000) (1024K)]
  0x000001b4ecf5b6e0 JavaThread "Unconstrained build operations Thread 3"        [_thread_blocked, id=2120, stack(0x0000000582500000,0x0000000582600000) (1024K)]
  0x000001b4ecf5bd70 JavaThread "Unconstrained build operations Thread 4"        [_thread_blocked, id=8852, stack(0x0000000582600000,0x0000000582700000) (1024K)]
  0x000001b4ecf5f1f0 JavaThread "Unconstrained build operations Thread 5"        [_thread_blocked, id=7308, stack(0x0000000582700000,0x0000000582800000) (1024K)]
  0x000001b4ed350180 JavaThread "Cache worker for Build Output Cleanup Cache (E:\M1 Projet 2025\Kajimbatsiko\.gradle\buildOutputCleanup)"        [_thread_blocked, id=8776, stack(0x0000000582800000,0x0000000582900000) (1024K)]
  0x000001b4ed351530 JavaThread "Unconstrained build operations Thread 6"        [_thread_blocked, id=12540, stack(0x0000000582900000,0x0000000582a00000) (1024K)]
  0x000001b4ed350810 JavaThread "Unconstrained build operations Thread 7"        [_thread_blocked, id=9500, stack(0x0000000582a00000,0x0000000582b00000) (1024K)]
  0x000001b4ed34faf0 JavaThread "Unconstrained build operations Thread 8"        [_thread_blocked, id=2956, stack(0x0000000582b00000,0x0000000582c00000) (1024K)]
  0x000001b4ed2c5e10 JavaThread "Unconstrained build operations Thread 9"        [_thread_blocked, id=2716, stack(0x0000000582c00000,0x0000000582d00000) (1024K)]
  0x000001b4ed2c5780 JavaThread "Unconstrained build operations Thread 10"        [_thread_blocked, id=5672, stack(0x0000000582d00000,0x0000000582e00000) (1024K)]
  0x000001b4ed2bf510 JavaThread "Unconstrained build operations Thread 11"        [_thread_blocked, id=12564, stack(0x0000000582e00000,0x0000000582f00000) (1024K)]
  0x000001b4ed230520 JavaThread "C2 CompilerThread1"         daemon [_thread_blocked, id=13936, stack(0x0000000581500000,0x0000000581600000) (1024K)]
Total: 48

Other Threads:
=>0x000001b4e4212050 VMThread "VM Thread"                           [id=12592, stack(0x00000005ffc00000,0x00000005ffd00000) (1024K)]
  0x000001b4e404c930 WatcherThread "VM Periodic Task Thread"        [id=11680, stack(0x00000005ffb00000,0x00000005ffc00000) (1024K)]
  0x000001b4cd2727f0 WorkerThread "GC Thread#0"                     [id=8784, stack(0x00000005ff600000,0x00000005ff700000) (1024K)]
  0x000001b4e478dbf0 WorkerThread "GC Thread#1"                     [id=196, stack(0x0000000580800000,0x0000000580900000) (1024K)]
  0x000001b4e4a72850 WorkerThread "GC Thread#2"                     [id=8736, stack(0x0000000580900000,0x0000000580a00000) (1024K)]
  0x000001b4e4a72bf0 WorkerThread "GC Thread#3"                     [id=10004, stack(0x0000000580a00000,0x0000000580b00000) (1024K)]
  0x000001b4cd2836e0 ConcurrentGCThread "G1 Main Marker"            [id=832, stack(0x00000005ff700000,0x00000005ff800000) (1024K)]
  0x000001b4cd2840f0 WorkerThread "G1 Conc#0"                       [id=13768, stack(0x00000005ff800000,0x00000005ff900000) (1024K)]
  0x000001b4cd2ee7f0 ConcurrentGCThread "G1 Refine#0"               [id=11540, stack(0x00000005ff900000,0x00000005ffa00000) (1024K)]
  0x000001b4e3f20950 ConcurrentGCThread "G1 Service"                [id=10000, stack(0x00000005ffa00000,0x00000005ffb00000) (1024K)]
Total: 10

Threads with active compile tasks:
Total: 0

VM state: at safepoint (normal execution)

VM Mutex/Monitor currently owned by a thread:  ([mutex/lock_event])
[0x00007ffbee218690] Threads_lock - owner thread: 0x000001b4e4212050
[0x00007ffbee218790] Heap_lock - owner thread: 0x000001b4e98fdb40

Heap address: 0x0000000080000000, size: 2048 MB, Compressed Oops mode: 32-bit

CDS archive(s) not mapped
Compressed class space mapped at: 0x0000000100000000-0x0000000140000000, reserved size: 1073741824
Narrow klass base: 0x0000000000000000, Narrow klass shift: 3, Narrow klass range: 0x140000000

GC Precious Log:
 CardTable entry size: 512
 Card Set container configuration: InlinePtr #cards 5 size 8 Array Of Cards #cards 12 size 40 Howl #buckets 4 coarsen threshold 1843 Howl Bitmap #cards 512 size 80 coarsen threshold 460 Card regions per heap region 1 cards per card region 2048
 CPUs: 4 total, 4 available
 Memory: 12196M
 Large Page Support: Disabled
 NUMA Support: Disabled
 Compressed Oops: Enabled (32-bit)
 Heap Region Size: 1M
 Heap Min Capacity: 8M
 Heap Initial Capacity: 192M
 Heap Max Capacity: 2G
 Pre-touch: Disabled
 Parallel Workers: 4
 Concurrent Workers: 1
 Concurrent Refinement Workers: 4
 Periodic GC: Disabled

Heap:
 garbage-first heap   total 216064K, used 126656K [0x0000000080000000, 0x0000000100000000)
  region size 1024K, 4 young (4096K), 4 survivors (4096K)
 Metaspace       used 111149K, committed 113152K, reserved 1179648K
  class space    used 15293K, committed 16256K, reserved 1048576K

Heap Regions: E=young(eden), S=young(survivor), O=old, HS=humongous(starts), HC=humongous(continues), CS=collection set, F=free, TAMS=top-at-mark-start, PB=parsable bottom
|   0|0x0000000080000000, 0x0000000080100000, 0x0000000080100000|100%|HS|  |TAMS 0x0000000080100000| PB 0x0000000080000000| Complete 
|   1|0x0000000080100000, 0x0000000080200000, 0x0000000080200000|100%|HC|  |TAMS 0x0000000080200000| PB 0x0000000080100000| Complete 
|   2|0x0000000080200000, 0x0000000080300000, 0x0000000080300000|100%|HC|  |TAMS 0x0000000080300000| PB 0x0000000080200000| Complete 
|   3|0x0000000080300000, 0x0000000080400000, 0x0000000080400000|100%|HC|  |TAMS 0x0000000080400000| PB 0x0000000080300000| Complete 
|   4|0x0000000080400000, 0x0000000080500000, 0x0000000080500000|100%| O|  |TAMS 0x0000000080500000| PB 0x0000000080400000| Untracked 
|   5|0x0000000080500000, 0x0000000080600000, 0x0000000080600000|100%| O|  |TAMS 0x0000000080600000| PB 0x0000000080500000| Untracked 
|   6|0x0000000080600000, 0x0000000080700000, 0x0000000080700000|100%|HS|  |TAMS 0x0000000080700000| PB 0x0000000080600000| Complete 
|   7|0x0000000080700000, 0x0000000080800000, 0x0000000080800000|100%| O|  |TAMS 0x0000000080800000| PB 0x0000000080700000| Untracked 
|   8|0x0000000080800000, 0x0000000080900000, 0x0000000080900000|100%| O|  |TAMS 0x0000000080900000| PB 0x0000000080800000| Untracked 
|   9|0x0000000080900000, 0x0000000080a00000, 0x0000000080a00000|100%| O|  |TAMS 0x0000000080a00000| PB 0x0000000080900000| Untracked 
|  10|0x0000000080a00000, 0x0000000080b00000, 0x0000000080b00000|100%| O|  |TAMS 0x0000000080b00000| PB 0x0000000080a00000| Untracked 
|  11|0x0000000080b00000, 0x0000000080c00000, 0x0000000080c00000|100%| O|  |TAMS 0x0000000080c00000| PB 0x0000000080b00000| Untracked 
|  12|0x0000000080c00000, 0x0000000080d00000, 0x0000000080d00000|100%| O|  |TAMS 0x0000000080d00000| PB 0x0000000080c00000| Untracked 
|  13|0x0000000080d00000, 0x0000000080e00000, 0x0000000080e00000|100%| O|  |TAMS 0x0000000080e00000| PB 0x0000000080d00000| Untracked 
|  14|0x0000000080e00000, 0x0000000080f00000, 0x0000000080f00000|100%| O|  |TAMS 0x0000000080f00000| PB 0x0000000080e00000| Untracked 
|  15|0x0000000080f00000, 0x0000000081000000, 0x0000000081000000|100%| O|  |TAMS 0x0000000081000000| PB 0x0000000080f00000| Untracked 
|  16|0x0000000081000000, 0x0000000081100000, 0x0000000081100000|100%| O|  |TAMS 0x0000000081100000| PB 0x0000000081000000| Untracked 
|  17|0x0000000081100000, 0x0000000081200000, 0x0000000081200000|100%| O|  |TAMS 0x0000000081200000| PB 0x0000000081100000| Untracked 
|  18|0x0000000081200000, 0x0000000081300000, 0x0000000081300000|100%| O|  |TAMS 0x0000000081300000| PB 0x0000000081200000| Untracked 
|  19|0x0000000081300000, 0x0000000081400000, 0x0000000081400000|100%| O|  |TAMS 0x0000000081400000| PB 0x0000000081300000| Untracked 
|  20|0x0000000081400000, 0x0000000081500000, 0x0000000081500000|100%| O|  |TAMS 0x0000000081500000| PB 0x0000000081400000| Untracked 
|  21|0x0000000081500000, 0x0000000081600000, 0x0000000081600000|100%|HS|  |TAMS 0x0000000081600000| PB 0x0000000081500000| Complete 
|  22|0x0000000081600000, 0x0000000081700000, 0x0000000081700000|100%|HC|  |TAMS 0x0000000081700000| PB 0x0000000081600000| Complete 
|  23|0x0000000081700000, 0x0000000081800000, 0x0000000081800000|100%|HC|  |TAMS 0x0000000081800000| PB 0x0000000081700000| Complete 
|  24|0x0000000081800000, 0x0000000081900000, 0x0000000081900000|100%|HC|  |TAMS 0x0000000081900000| PB 0x0000000081800000| Complete 
|  25|0x0000000081900000, 0x0000000081a00000, 0x0000000081a00000|100%|HC|  |TAMS 0x0000000081a00000| PB 0x0000000081900000| Complete 
|  26|0x0000000081a00000, 0x0000000081b00000, 0x0000000081b00000|100%|HC|  |TAMS 0x0000000081b00000| PB 0x0000000081a00000| Complete 
|  27|0x0000000081b00000, 0x0000000081c00000, 0x0000000081c00000|100%|HS|  |TAMS 0x0000000081c00000| PB 0x0000000081b00000| Complete 
|  28|0x0000000081c00000, 0x0000000081d00000, 0x0000000081d00000|100%|HC|  |TAMS 0x0000000081d00000| PB 0x0000000081c00000| Complete 
|  29|0x0000000081d00000, 0x0000000081e00000, 0x0000000081e00000|100%| O|  |TAMS 0x0000000081e00000| PB 0x0000000081d00000| Untracked 
|  30|0x0000000081e00000, 0x0000000081f00000, 0x0000000081f00000|100%|HS|  |TAMS 0x0000000081f00000| PB 0x0000000081e00000| Complete 
|  31|0x0000000081f00000, 0x0000000082000000, 0x0000000082000000|100%| O|  |TAMS 0x0000000082000000| PB 0x0000000081f00000| Untracked 
|  32|0x0000000082000000, 0x0000000082100000, 0x0000000082100000|100%| O|  |TAMS 0x0000000082100000| PB 0x0000000082000000| Untracked 
|  33|0x0000000082100000, 0x0000000082200000, 0x0000000082200000|100%| O|  |TAMS 0x0000000082200000| PB 0x0000000082100000| Untracked 
|  34|0x0000000082200000, 0x0000000082300000, 0x0000000082300000|100%| O|  |TAMS 0x0000000082300000| PB 0x0000000082200000| Untracked 
|  35|0x0000000082300000, 0x0000000082400000, 0x0000000082400000|100%| O|  |TAMS 0x0000000082400000| PB 0x0000000082300000| Untracked 
|  36|0x0000000082400000, 0x0000000082500000, 0x0000000082500000|100%| O|  |TAMS 0x0000000082500000| PB 0x0000000082400000| Untracked 
|  37|0x0000000082500000, 0x0000000082600000, 0x0000000082600000|100%|HS|  |TAMS 0x0000000082600000| PB 0x0000000082500000| Complete 
|  38|0x0000000082600000, 0x0000000082700000, 0x0000000082700000|100%|HC|  |TAMS 0x0000000082700000| PB 0x0000000082600000| Complete 
|  39|0x0000000082700000, 0x0000000082800000, 0x0000000082800000|100%|HC|  |TAMS 0x0000000082800000| PB 0x0000000082700000| Complete 
|  40|0x0000000082800000, 0x0000000082900000, 0x0000000082900000|100%|HC|  |TAMS 0x0000000082900000| PB 0x0000000082800000| Complete 
|  41|0x0000000082900000, 0x0000000082a00000, 0x0000000082a00000|100%|HC|  |TAMS 0x0000000082a00000| PB 0x0000000082900000| Complete 
|  42|0x0000000082a00000, 0x0000000082b00000, 0x0000000082b00000|100%|HC|  |TAMS 0x0000000082b00000| PB 0x0000000082a00000| Complete 
|  43|0x0000000082b00000, 0x0000000082c00000, 0x0000000082c00000|100%|HS|  |TAMS 0x0000000082c00000| PB 0x0000000082b00000| Complete 
|  44|0x0000000082c00000, 0x0000000082d00000, 0x0000000082d00000|100%|HC|  |TAMS 0x0000000082d00000| PB 0x0000000082c00000| Complete 
|  45|0x0000000082d00000, 0x0000000082e00000, 0x0000000082e00000|100%| O|  |TAMS 0x0000000082e00000| PB 0x0000000082d00000| Untracked 
|  46|0x0000000082e00000, 0x0000000082f00000, 0x0000000082f00000|100%| O|  |TAMS 0x0000000082f00000| PB 0x0000000082e00000| Untracked 
|  47|0x0000000082f00000, 0x0000000083000000, 0x0000000083000000|100%| O|  |TAMS 0x0000000083000000| PB 0x0000000082f00000| Untracked 
|  48|0x0000000083000000, 0x0000000083100000, 0x0000000083100000|100%| O|  |TAMS 0x0000000083100000| PB 0x0000000083000000| Untracked 
|  49|0x0000000083100000, 0x0000000083200000, 0x0000000083200000|100%| O|  |TAMS 0x0000000083200000| PB 0x0000000083100000| Untracked 
|  50|0x0000000083200000, 0x0000000083300000, 0x0000000083300000|100%| O|  |TAMS 0x0000000083300000| PB 0x0000000083200000| Untracked 
|  51|0x0000000083300000, 0x0000000083400000, 0x0000000083400000|100%| O|  |TAMS 0x0000000083400000| PB 0x0000000083300000| Untracked 
|  52|0x0000000083400000, 0x0000000083500000, 0x0000000083500000|100%| O|  |TAMS 0x0000000083500000| PB 0x0000000083400000| Untracked 
|  53|0x0000000083500000, 0x0000000083600000, 0x0000000083600000|100%|HS|  |TAMS 0x0000000083600000| PB 0x0000000083500000| Complete 
|  54|0x0000000083600000, 0x0000000083700000, 0x0000000083700000|100%|HC|  |TAMS 0x0000000083700000| PB 0x0000000083600000| Complete 
|  55|0x0000000083700000, 0x0000000083800000, 0x0000000083800000|100%| O|  |TAMS 0x0000000083800000| PB 0x0000000083700000| Untracked 
|  56|0x0000000083800000, 0x0000000083900000, 0x0000000083900000|100%| O|  |TAMS 0x0000000083900000| PB 0x0000000083800000| Untracked 
|  57|0x0000000083900000, 0x0000000083a00000, 0x0000000083a00000|100%| O|  |TAMS 0x0000000083a00000| PB 0x0000000083900000| Untracked 
|  58|0x0000000083a00000, 0x0000000083b00000, 0x0000000083b00000|100%|HS|  |TAMS 0x0000000083b00000| PB 0x0000000083a00000| Complete 
|  59|0x0000000083b00000, 0x0000000083c00000, 0x0000000083c00000|100%| O|  |TAMS 0x0000000083c00000| PB 0x0000000083b00000| Untracked 
|  60|0x0000000083c00000, 0x0000000083d00000, 0x0000000083d00000|100%| O|  |TAMS 0x0000000083d00000| PB 0x0000000083c00000| Untracked 
|  61|0x0000000083d00000, 0x0000000083e00000, 0x0000000083e00000|100%| O|  |TAMS 0x0000000083e00000| PB 0x0000000083d00000| Untracked 
|  62|0x0000000083e00000, 0x0000000083f00000, 0x0000000083f00000|100%| O|  |TAMS 0x0000000083f00000| PB 0x0000000083e00000| Untracked 
|  63|0x0000000083f00000, 0x0000000084000000, 0x0000000084000000|100%| O|  |TAMS 0x0000000084000000| PB 0x0000000083f00000| Untracked 
|  64|0x0000000084000000, 0x0000000084100000, 0x0000000084100000|100%|HS|  |TAMS 0x0000000084100000| PB 0x0000000084000000| Complete 
|  65|0x0000000084100000, 0x0000000084200000, 0x0000000084200000|100%| O|  |TAMS 0x0000000084200000| PB 0x0000000084100000| Untracked 
|  66|0x0000000084200000, 0x0000000084300000, 0x0000000084300000|100%| O|  |TAMS 0x0000000084300000| PB 0x0000000084200000| Untracked 
|  67|0x0000000084300000, 0x0000000084400000, 0x0000000084400000|100%| O|  |TAMS 0x0000000084400000| PB 0x0000000084300000| Untracked 
|  68|0x0000000084400000, 0x0000000084500000, 0x0000000084500000|100%| O|  |TAMS 0x0000000084500000| PB 0x0000000084400000| Untracked 
|  69|0x0000000084500000, 0x0000000084600000, 0x0000000084600000|100%| O|  |TAMS 0x0000000084600000| PB 0x0000000084500000| Untracked 
|  70|0x0000000084600000, 0x0000000084700000, 0x0000000084700000|100%| O|  |TAMS 0x0000000084700000| PB 0x0000000084600000| Untracked 
|  71|0x0000000084700000, 0x0000000084800000, 0x0000000084800000|100%| O|  |TAMS 0x0000000084800000| PB 0x0000000084700000| Untracked 
|  72|0x0000000084800000, 0x0000000084900000, 0x0000000084900000|100%| O|  |TAMS 0x0000000084900000| PB 0x0000000084800000| Untracked 
|  73|0x0000000084900000, 0x0000000084a00000, 0x0000000084a00000|100%| O|  |TAMS 0x0000000084900000| PB 0x0000000084900000| Untracked 
|  74|0x0000000084a00000, 0x0000000084b00000, 0x0000000084b00000|100%|HS|  |TAMS 0x0000000084b00000| PB 0x0000000084a00000| Complete 
|  75|0x0000000084b00000, 0x0000000084c00000, 0x0000000084c00000|100%|HC|  |TAMS 0x0000000084c00000| PB 0x0000000084b00000| Complete 
|  76|0x0000000084c00000, 0x0000000084d00000, 0x0000000084d00000|100%|HC|  |TAMS 0x0000000084d00000| PB 0x0000000084c00000| Complete 
|  77|0x0000000084d00000, 0x0000000084e00000, 0x0000000084e00000|100%|HC|  |TAMS 0x0000000084e00000| PB 0x0000000084d00000| Complete 
|  78|0x0000000084e00000, 0x0000000084f00000, 0x0000000084f00000|100%|HC|  |TAMS 0x0000000084f00000| PB 0x0000000084e00000| Complete 
|  79|0x0000000084f00000, 0x0000000085000000, 0x0000000085000000|100%|HC|  |TAMS 0x0000000085000000| PB 0x0000000084f00000| Complete 
|  80|0x0000000085000000, 0x0000000085100000, 0x0000000085100000|100%|HS|  |TAMS 0x0000000085100000| PB 0x0000000085000000| Complete 
|  81|0x0000000085100000, 0x0000000085200000, 0x0000000085200000|100%| O|  |TAMS 0x0000000085200000| PB 0x0000000085100000| Untracked 
|  82|0x0000000085200000, 0x0000000085300000, 0x0000000085300000|100%| O|  |TAMS 0x0000000085300000| PB 0x0000000085200000| Untracked 
|  83|0x0000000085300000, 0x0000000085400000, 0x0000000085400000|100%| O|  |TAMS 0x0000000085400000| PB 0x0000000085300000| Untracked 
|  84|0x0000000085400000, 0x0000000085500000, 0x0000000085500000|100%| O|  |TAMS 0x0000000085500000| PB 0x0000000085400000| Untracked 
|  85|0x0000000085500000, 0x0000000085600000, 0x0000000085600000|100%| O|  |TAMS 0x0000000085500000| PB 0x0000000085500000| Untracked 
|  86|0x0000000085600000, 0x0000000085700000, 0x0000000085700000|100%|HS|  |TAMS 0x0000000085700000| PB 0x0000000085600000| Complete 
|  87|0x0000000085700000, 0x0000000085800000, 0x0000000085800000|100%| O|  |TAMS 0x0000000085800000| PB 0x0000000085700000| Untracked 
|  88|0x0000000085800000, 0x0000000085900000, 0x0000000085900000|100%| O|  |TAMS 0x0000000085900000| PB 0x0000000085800000| Untracked 
|  89|0x0000000085900000, 0x0000000085a00000, 0x0000000085a00000|100%| O|  |TAMS 0x0000000085a00000| PB 0x0000000085900000| Untracked 
|  90|0x0000000085a00000, 0x0000000085b00000, 0x0000000085b00000|100%| O|  |TAMS 0x0000000085b00000| PB 0x0000000085a00000| Untracked 
|  91|0x0000000085b00000, 0x0000000085c00000, 0x0000000085c00000|100%| O|  |TAMS 0x0000000085c00000| PB 0x0000000085b00000| Untracked 
|  92|0x0000000085c00000, 0x0000000085d00000, 0x0000000085d00000|100%| O|  |TAMS 0x0000000085d00000| PB 0x0000000085c00000| Untracked 
|  93|0x0000000085d00000, 0x0000000085e00000, 0x0000000085e00000|100%| O|  |TAMS 0x0000000085e00000| PB 0x0000000085d00000| Untracked 
|  94|0x0000000085e00000, 0x0000000085f00000, 0x0000000085f00000|100%| O|  |TAMS 0x0000000085f00000| PB 0x0000000085e00000| Untracked 
|  95|0x0000000085f00000, 0x0000000086000000, 0x0000000086000000|100%| O|  |TAMS 0x0000000086000000| PB 0x0000000085f00000| Untracked 
|  96|0x0000000086000000, 0x0000000086100000, 0x0000000086100000|100%| O|  |TAMS 0x0000000086100000| PB 0x0000000086000000| Untracked 
|  97|0x0000000086100000, 0x0000000086200000, 0x0000000086200000|100%| O|  |TAMS 0x0000000086200000| PB 0x0000000086100000| Untracked 
|  98|0x0000000086200000, 0x0000000086300000, 0x0000000086300000|100%| O|  |TAMS 0x0000000086300000| PB 0x0000000086200000| Untracked 
|  99|0x0000000086300000, 0x0000000086400000, 0x0000000086400000|100%| O|  |TAMS 0x000000008637ad90| PB 0x0000000086300000| Untracked 
| 100|0x0000000086400000, 0x0000000086500000, 0x0000000086500000|100%| O|  |TAMS 0x0000000086400000| PB 0x0000000086400000| Untracked 
| 101|0x0000000086500000, 0x0000000086600000, 0x0000000086600000|100%| O|  |TAMS 0x0000000086500000| PB 0x0000000086500000| Untracked 
| 102|0x0000000086600000, 0x0000000086600000, 0x0000000086700000|  0%| F|  |TAMS 0x0000000086600000| PB 0x0000000086600000| Untracked 
| 103|0x0000000086700000, 0x0000000086700000, 0x0000000086800000|  0%| F|  |TAMS 0x0000000086700000| PB 0x0000000086700000| Untracked 
| 104|0x0000000086800000, 0x0000000086800000, 0x0000000086900000|  0%| F|  |TAMS 0x0000000086800000| PB 0x0000000086800000| Untracked 
| 105|0x0000000086900000, 0x0000000086900000, 0x0000000086a00000|  0%| F|  |TAMS 0x0000000086900000| PB 0x0000000086900000| Untracked 
| 106|0x0000000086a00000, 0x0000000086a00000, 0x0000000086b00000|  0%| F|  |TAMS 0x0000000086a00000| PB 0x0000000086a00000| Untracked 
| 107|0x0000000086b00000, 0x0000000086b00000, 0x0000000086c00000|  0%| F|  |TAMS 0x0000000086b00000| PB 0x0000000086b00000| Untracked 
| 108|0x0000000086c00000, 0x0000000086c00000, 0x0000000086d00000|  0%| F|  |TAMS 0x0000000086c00000| PB 0x0000000086c00000| Untracked 
| 109|0x0000000086d00000, 0x0000000086d00000, 0x0000000086e00000|  0%| F|  |TAMS 0x0000000086d00000| PB 0x0000000086d00000| Untracked 
| 110|0x0000000086e00000, 0x0000000086e00000, 0x0000000086f00000|  0%| F|  |TAMS 0x0000000086e00000| PB 0x0000000086e00000| Untracked 
| 111|0x0000000086f00000, 0x0000000086ff80e8, 0x0000000087000000| 96%| O|  |TAMS 0x0000000086f00000| PB 0x0000000086f00000| Untracked 
| 112|0x0000000087000000, 0x0000000087000000, 0x0000000087100000|  0%| F|  |TAMS 0x0000000087000000| PB 0x0000000087000000| Untracked 
| 113|0x0000000087100000, 0x0000000087100000, 0x0000000087200000|  0%| F|  |TAMS 0x0000000087100000| PB 0x0000000087100000| Untracked 
| 114|0x0000000087200000, 0x0000000087200000, 0x0000000087300000|  0%| F|  |TAMS 0x0000000087200000| PB 0x0000000087200000| Untracked 
| 115|0x0000000087300000, 0x0000000087300000, 0x0000000087400000|  0%| F|  |TAMS 0x0000000087300000| PB 0x0000000087300000| Untracked 
| 116|0x0000000087400000, 0x0000000087400000, 0x0000000087500000|  0%| F|  |TAMS 0x0000000087400000| PB 0x0000000087400000| Untracked 
| 117|0x0000000087500000, 0x0000000087500000, 0x0000000087600000|  0%| F|  |TAMS 0x0000000087500000| PB 0x0000000087500000| Untracked 
| 118|0x0000000087600000, 0x0000000087600000, 0x0000000087700000|  0%| F|  |TAMS 0x0000000087600000| PB 0x0000000087600000| Untracked 
| 119|0x0000000087700000, 0x0000000087700000, 0x0000000087800000|  0%| F|  |TAMS 0x0000000087700000| PB 0x0000000087700000| Untracked 
| 120|0x0000000087800000, 0x00000000878b7f30, 0x0000000087900000| 71%| S|CS|TAMS 0x0000000087800000| PB 0x0000000087800000| Complete 
| 121|0x0000000087900000, 0x0000000087a00000, 0x0000000087a00000|100%| S|CS|TAMS 0x0000000087900000| PB 0x0000000087900000| Complete 
| 122|0x0000000087a00000, 0x0000000087b00000, 0x0000000087b00000|100%| S|CS|TAMS 0x0000000087a00000| PB 0x0000000087a00000| Complete 
| 123|0x0000000087b00000, 0x0000000087c00000, 0x0000000087c00000|100%| S|CS|TAMS 0x0000000087b00000| PB 0x0000000087b00000| Complete 
| 124|0x0000000087c00000, 0x0000000087c00000, 0x0000000087d00000|  0%| F|  |TAMS 0x0000000087c00000| PB 0x0000000087c00000| Untracked 
| 125|0x0000000087d00000, 0x0000000087d00000, 0x0000000087e00000|  0%| F|  |TAMS 0x0000000087d00000| PB 0x0000000087d00000| Untracked 
| 126|0x0000000087e00000, 0x0000000087e00000, 0x0000000087f00000|  0%| F|  |TAMS 0x0000000087e00000| PB 0x0000000087e00000| Untracked 
| 127|0x0000000087f00000, 0x0000000087f00000, 0x0000000088000000|  0%| F|  |TAMS 0x0000000087f00000| PB 0x0000000087f00000| Untracked 
| 128|0x0000000088000000, 0x0000000088000000, 0x0000000088100000|  0%| F|  |TAMS 0x0000000088000000| PB 0x0000000088000000| Untracked 
| 129|0x0000000088100000, 0x0000000088100000, 0x0000000088200000|  0%| F|  |TAMS 0x0000000088100000| PB 0x0000000088100000| Untracked 
| 130|0x0000000088200000, 0x0000000088200000, 0x0000000088300000|  0%| F|  |TAMS 0x0000000088200000| PB 0x0000000088200000| Untracked 
| 131|0x0000000088300000, 0x0000000088300000, 0x0000000088400000|  0%| F|  |TAMS 0x0000000088300000| PB 0x0000000088300000| Untracked 
| 132|0x0000000088400000, 0x0000000088400000, 0x0000000088500000|  0%| F|  |TAMS 0x0000000088400000| PB 0x0000000088400000| Untracked 
| 133|0x0000000088500000, 0x0000000088500000, 0x0000000088600000|  0%| F|  |TAMS 0x0000000088500000| PB 0x0000000088500000| Untracked 
| 134|0x0000000088600000, 0x0000000088600000, 0x0000000088700000|  0%| F|  |TAMS 0x0000000088600000| PB 0x0000000088600000| Untracked 
| 135|0x0000000088700000, 0x0000000088700000, 0x0000000088800000|  0%| F|  |TAMS 0x0000000088700000| PB 0x0000000088700000| Untracked 
| 136|0x0000000088800000, 0x0000000088800000, 0x0000000088900000|  0%| F|  |TAMS 0x0000000088800000| PB 0x0000000088800000| Untracked 
| 137|0x0000000088900000, 0x0000000088900000, 0x0000000088a00000|  0%| F|  |TAMS 0x0000000088900000| PB 0x0000000088900000| Untracked 
| 138|0x0000000088a00000, 0x0000000088a00000, 0x0000000088b00000|  0%| F|  |TAMS 0x0000000088a00000| PB 0x0000000088a00000| Untracked 
| 139|0x0000000088b00000, 0x0000000088b00000, 0x0000000088c00000|  0%| F|  |TAMS 0x0000000088b00000| PB 0x0000000088b00000| Untracked 
| 140|0x0000000088c00000, 0x0000000088c00000, 0x0000000088d00000|  0%| F|  |TAMS 0x0000000088c00000| PB 0x0000000088c00000| Untracked 
| 141|0x0000000088d00000, 0x0000000088d00000, 0x0000000088e00000|  0%| F|  |TAMS 0x0000000088d00000| PB 0x0000000088d00000| Untracked 
| 142|0x0000000088e00000, 0x0000000088e00000, 0x0000000088f00000|  0%| F|  |TAMS 0x0000000088e00000| PB 0x0000000088e00000| Untracked 
| 143|0x0000000088f00000, 0x0000000088f00000, 0x0000000089000000|  0%| F|  |TAMS 0x0000000088f00000| PB 0x0000000088f00000| Untracked 
| 144|0x0000000089000000, 0x0000000089000000, 0x0000000089100000|  0%| F|  |TAMS 0x0000000089000000| PB 0x0000000089000000| Untracked 
| 145|0x0000000089100000, 0x0000000089100000, 0x0000000089200000|  0%| F|  |TAMS 0x0000000089100000| PB 0x0000000089100000| Untracked 
| 146|0x0000000089200000, 0x0000000089200000, 0x0000000089300000|  0%| F|  |TAMS 0x0000000089200000| PB 0x0000000089200000| Untracked 
| 147|0x0000000089300000, 0x0000000089300000, 0x0000000089400000|  0%| F|  |TAMS 0x0000000089300000| PB 0x0000000089300000| Untracked 
| 148|0x0000000089400000, 0x0000000089400000, 0x0000000089500000|  0%| F|  |TAMS 0x0000000089400000| PB 0x0000000089400000| Untracked 
| 149|0x0000000089500000, 0x0000000089500000, 0x0000000089600000|  0%| F|  |TAMS 0x0000000089500000| PB 0x0000000089500000| Untracked 
| 150|0x0000000089600000, 0x0000000089600000, 0x0000000089700000|  0%| F|  |TAMS 0x0000000089600000| PB 0x0000000089600000| Untracked 
| 151|0x0000000089700000, 0x0000000089700000, 0x0000000089800000|  0%| F|  |TAMS 0x0000000089700000| PB 0x0000000089700000| Untracked 
| 152|0x0000000089800000, 0x0000000089800000, 0x0000000089900000|  0%| F|  |TAMS 0x0000000089800000| PB 0x0000000089800000| Untracked 
| 153|0x0000000089900000, 0x0000000089900000, 0x0000000089a00000|  0%| F|  |TAMS 0x0000000089900000| PB 0x0000000089900000| Untracked 
| 154|0x0000000089a00000, 0x0000000089a00000, 0x0000000089b00000|  0%| F|  |TAMS 0x0000000089a00000| PB 0x0000000089a00000| Untracked 
| 155|0x0000000089b00000, 0x0000000089b00000, 0x0000000089c00000|  0%| F|  |TAMS 0x0000000089b00000| PB 0x0000000089b00000| Untracked 
| 156|0x0000000089c00000, 0x0000000089c00000, 0x0000000089d00000|  0%| F|  |TAMS 0x0000000089c00000| PB 0x0000000089c00000| Untracked 
| 157|0x0000000089d00000, 0x0000000089d00000, 0x0000000089e00000|  0%| F|  |TAMS 0x0000000089d00000| PB 0x0000000089d00000| Untracked 
| 158|0x0000000089e00000, 0x0000000089e00000, 0x0000000089f00000|  0%| F|  |TAMS 0x0000000089e00000| PB 0x0000000089e00000| Untracked 
| 159|0x0000000089f00000, 0x0000000089f00000, 0x000000008a000000|  0%| F|  |TAMS 0x0000000089f00000| PB 0x0000000089f00000| Untracked 
| 160|0x000000008a000000, 0x000000008a000000, 0x000000008a100000|  0%| F|  |TAMS 0x000000008a000000| PB 0x000000008a000000| Untracked 
| 161|0x000000008a100000, 0x000000008a100000, 0x000000008a200000|  0%| F|  |TAMS 0x000000008a100000| PB 0x000000008a100000| Untracked 
| 162|0x000000008a200000, 0x000000008a200000, 0x000000008a300000|  0%| F|  |TAMS 0x000000008a200000| PB 0x000000008a200000| Untracked 
| 163|0x000000008a300000, 0x000000008a300000, 0x000000008a400000|  0%| F|  |TAMS 0x000000008a300000| PB 0x000000008a300000| Untracked 
| 164|0x000000008a400000, 0x000000008a400000, 0x000000008a500000|  0%| F|  |TAMS 0x000000008a400000| PB 0x000000008a400000| Untracked 
| 165|0x000000008a500000, 0x000000008a500000, 0x000000008a600000|  0%| F|  |TAMS 0x000000008a500000| PB 0x000000008a500000| Untracked 
| 166|0x000000008a600000, 0x000000008a600000, 0x000000008a700000|  0%| F|  |TAMS 0x000000008a600000| PB 0x000000008a600000| Untracked 
| 167|0x000000008a700000, 0x000000008a700000, 0x000000008a800000|  0%| F|  |TAMS 0x000000008a700000| PB 0x000000008a700000| Untracked 
| 168|0x000000008a800000, 0x000000008a800000, 0x000000008a900000|  0%| F|  |TAMS 0x000000008a800000| PB 0x000000008a800000| Untracked 
| 169|0x000000008a900000, 0x000000008a900000, 0x000000008aa00000|  0%| F|  |TAMS 0x000000008a900000| PB 0x000000008a900000| Untracked 
| 170|0x000000008aa00000, 0x000000008aa00000, 0x000000008ab00000|  0%| F|  |TAMS 0x000000008aa00000| PB 0x000000008aa00000| Untracked 
| 171|0x000000008ab00000, 0x000000008ab00000, 0x000000008ac00000|  0%| F|  |TAMS 0x000000008ab00000| PB 0x000000008ab00000| Untracked 
| 172|0x000000008ac00000, 0x000000008ac00000, 0x000000008ad00000|  0%| F|  |TAMS 0x000000008ac00000| PB 0x000000008ac00000| Untracked 
| 173|0x000000008ad00000, 0x000000008ad00000, 0x000000008ae00000|  0%| F|  |TAMS 0x000000008ad00000| PB 0x000000008ad00000| Untracked 
| 174|0x000000008ae00000, 0x000000008ae00000, 0x000000008af00000|  0%| F|  |TAMS 0x000000008ae00000| PB 0x000000008ae00000| Untracked 
| 175|0x000000008af00000, 0x000000008af00000, 0x000000008b000000|  0%| F|  |TAMS 0x000000008af00000| PB 0x000000008af00000| Untracked 
| 176|0x000000008b000000, 0x000000008b000000, 0x000000008b100000|  0%| F|  |TAMS 0x000000008b000000| PB 0x000000008b000000| Untracked 
| 177|0x000000008b100000, 0x000000008b100000, 0x000000008b200000|  0%| F|  |TAMS 0x000000008b100000| PB 0x000000008b100000| Untracked 
| 178|0x000000008b200000, 0x000000008b200000, 0x000000008b300000|  0%| F|  |TAMS 0x000000008b200000| PB 0x000000008b200000| Untracked 
| 179|0x000000008b300000, 0x000000008b300000, 0x000000008b400000|  0%| F|  |TAMS 0x000000008b300000| PB 0x000000008b300000| Untracked 
| 180|0x000000008b400000, 0x000000008b400000, 0x000000008b500000|  0%| F|  |TAMS 0x000000008b400000| PB 0x000000008b400000| Untracked 
| 181|0x000000008b500000, 0x000000008b500000, 0x000000008b600000|  0%| F|  |TAMS 0x000000008b500000| PB 0x000000008b500000| Untracked 
| 182|0x000000008b600000, 0x000000008b600000, 0x000000008b700000|  0%| F|  |TAMS 0x000000008b600000| PB 0x000000008b600000| Untracked 
| 183|0x000000008b700000, 0x000000008b700000, 0x000000008b800000|  0%| F|  |TAMS 0x000000008b700000| PB 0x000000008b700000| Untracked 
| 184|0x000000008b800000, 0x000000008b800000, 0x000000008b900000|  0%| F|  |TAMS 0x000000008b800000| PB 0x000000008b800000| Untracked 
| 185|0x000000008b900000, 0x000000008b900000, 0x000000008ba00000|  0%| F|  |TAMS 0x000000008b900000| PB 0x000000008b900000| Untracked 
| 186|0x000000008ba00000, 0x000000008ba00000, 0x000000008bb00000|  0%| F|  |TAMS 0x000000008ba00000| PB 0x000000008ba00000| Untracked 
| 187|0x000000008bb00000, 0x000000008bb00000, 0x000000008bc00000|  0%| F|  |TAMS 0x000000008bb00000| PB 0x000000008bb00000| Untracked 
| 188|0x000000008bc00000, 0x000000008bc00000, 0x000000008bd00000|  0%| F|  |TAMS 0x000000008bc00000| PB 0x000000008bc00000| Untracked 
| 189|0x000000008bd00000, 0x000000008bd00000, 0x000000008be00000|  0%| F|  |TAMS 0x000000008bd00000| PB 0x000000008bd00000| Untracked 
| 190|0x000000008be00000, 0x000000008be00000, 0x000000008bf00000|  0%| F|  |TAMS 0x000000008be00000| PB 0x000000008be00000| Untracked 
| 191|0x000000008bf00000, 0x000000008bf00000, 0x000000008c000000|  0%| F|  |TAMS 0x000000008bf00000| PB 0x000000008bf00000| Untracked 
|2029|0x00000000fed00000, 0x00000000fee00000, 0x00000000fee00000|100%| O|  |TAMS 0x00000000fee00000| PB 0x00000000fed00000| Untracked 
|2030|0x00000000fee00000, 0x00000000fef00000, 0x00000000fef00000|100%| O|  |TAMS 0x00000000fef00000| PB 0x00000000fee00000| Untracked 
|2031|0x00000000fef00000, 0x00000000fef00000, 0x00000000ff000000|  0%| F|  |TAMS 0x00000000fef00000| PB 0x00000000fef00000| Untracked 
|2032|0x00000000ff000000, 0x00000000ff100000, 0x00000000ff100000|100%| O|  |TAMS 0x00000000ff100000| PB 0x00000000ff000000| Untracked 
|2033|0x00000000ff100000, 0x00000000ff200000, 0x00000000ff200000|100%| O|  |TAMS 0x00000000ff200000| PB 0x00000000ff100000| Untracked 
|2034|0x00000000ff200000, 0x00000000ff300000, 0x00000000ff300000|100%| O|  |TAMS 0x00000000ff300000| PB 0x00000000ff200000| Untracked 
|2035|0x00000000ff300000, 0x00000000ff400000, 0x00000000ff400000|100%| O|  |TAMS 0x00000000ff400000| PB 0x00000000ff300000| Untracked 
|2036|0x00000000ff400000, 0x00000000ff500000, 0x00000000ff500000|100%| O|  |TAMS 0x00000000ff500000| PB 0x00000000ff400000| Untracked 
|2037|0x00000000ff500000, 0x00000000ff600000, 0x00000000ff600000|100%| O|  |TAMS 0x00000000ff600000| PB 0x00000000ff500000| Untracked 
|2038|0x00000000ff600000, 0x00000000ff700000, 0x00000000ff700000|100%| O|  |TAMS 0x00000000ff700000| PB 0x00000000ff600000| Untracked 
|2039|0x00000000ff700000, 0x00000000ff800000, 0x00000000ff800000|100%| O|  |TAMS 0x00000000ff800000| PB 0x00000000ff700000| Untracked 
|2040|0x00000000ff800000, 0x00000000ff900000, 0x00000000ff900000|100%| O|  |TAMS 0x00000000ff900000| PB 0x00000000ff800000| Untracked 
|2041|0x00000000ff900000, 0x00000000ffa00000, 0x00000000ffa00000|100%| O|  |TAMS 0x00000000ffa00000| PB 0x00000000ff900000| Untracked 
|2042|0x00000000ffa00000, 0x00000000ffb00000, 0x00000000ffb00000|100%| O|  |TAMS 0x00000000ffb00000| PB 0x00000000ffa00000| Untracked 
|2043|0x00000000ffb00000, 0x00000000ffc00000, 0x00000000ffc00000|100%| O|  |TAMS 0x00000000ffc00000| PB 0x00000000ffb00000| Untracked 
|2044|0x00000000ffc00000, 0x00000000ffd00000, 0x00000000ffd00000|100%| O|  |TAMS 0x00000000ffd00000| PB 0x00000000ffc00000| Untracked 
|2045|0x00000000ffd00000, 0x00000000ffd00000, 0x00000000ffe00000|  0%| F|  |TAMS 0x00000000ffd00000| PB 0x00000000ffd00000| Untracked 
|2046|0x00000000ffe00000, 0x00000000fff00000, 0x00000000fff00000|100%| O|  |TAMS 0x00000000fff00000| PB 0x00000000ffe00000| Untracked 
|2047|0x00000000fff00000, 0x0000000100000000, 0x0000000100000000|100%| O|  |TAMS 0x0000000100000000| PB 0x00000000fff00000| Untracked 

Card table byte_map: [0x000001b4df790000,0x000001b4dfb90000] _byte_map_base: 0x000001b4df390000

Marking Bits: (CMBitMap*) 0x000001b4cd272e00
 Bits: [0x000001b4dfb90000, 0x000001b4e1b90000)

Polling page: 0x000001b4cb280000

Metaspace:

Usage:
  Non-class:     93.61 MB used.
      Class:     14.94 MB used.
       Both:    108.54 MB used.

Virtual space:
  Non-class space:      128.00 MB reserved,      94.62 MB ( 74%) committed,  2 nodes.
      Class space:        1.00 GB reserved,      15.88 MB (  2%) committed,  1 nodes.
             Both:        1.12 GB reserved,     110.50 MB ( 10%) committed. 

Chunk freelists:
   Non-Class:  720.00 KB
       Class:  16.00 KB
        Both:  736.00 KB

MaxMetaspaceSize: unlimited
CompressedClassSpaceSize: 1.00 GB
Initial GC threshold: 21.00 MB
Current GC threshold: 160.88 MB
CDS: off
 - commit_granule_bytes: 65536.
 - commit_granule_words: 8192.
 - virtual_space_node_default_size: 8388608.
 - enlarge_chunks_in_place: 1.
 - use_allocation_guard: 0.


Internal statistics:

num_allocs_failed_limit: 6.
num_arena_births: 3998.
num_arena_deaths: 0.
num_vsnodes_births: 3.
num_vsnodes_deaths: 0.
num_space_committed: 1766.
num_space_uncommitted: 0.
num_chunks_returned_to_freelist: 6.
num_chunks_taken_from_freelist: 8361.
num_chunk_merges: 3.
num_chunk_splits: 5824.
num_chunks_enlarged: 3941.
num_inconsistent_stats: 0.

CodeHeap 'non-profiled nmethods': size=120000Kb used=4939Kb max_used=4939Kb free=115060Kb
 bounds [0x000001b4d7e60000, 0x000001b4d8340000, 0x000001b4df390000]
CodeHeap 'profiled nmethods': size=120000Kb used=16177Kb max_used=16177Kb free=103822Kb
 bounds [0x000001b4d0390000, 0x000001b4d1360000, 0x000001b4d78c0000]
CodeHeap 'non-nmethods': size=5760Kb used=2729Kb max_used=2766Kb free=3031Kb
 bounds [0x000001b4d78c0000, 0x000001b4d7b80000, 0x000001b4d7e60000]
CodeCache: size=245760Kb, used=23845Kb, max_used=23882Kb, free=221913Kb
 total_blobs=9596, nmethods=8588, adapters=912, full_count=0
Compilation: enabled, stopped_count=0, restarted_count=0

Compilation events (20 events):
Event: 27.895 Thread 0x000001b4e42a0a00 10019       3       org.jetbrains.kotlin.com.intellij.extapi.psi.StubBasedPsiElementBase::getParent (44 bytes)
Event: 27.896 Thread 0x000001b4e42a0a00 nmethod 10019 0x000001b4d1356a10 code [0x000001b4d1356c20, 0x000001b4d13573b8]
Event: 27.896 Thread 0x000001b4e42a0a00 10020       3       org.jetbrains.kotlin.psi.KtExpressionImplStub::getParent (26 bytes)
Event: 27.897 Thread 0x000001b4e42a0a00 nmethod 10020 0x000001b4d1357690 code [0x000001b4d1357940, 0x000001b4d1358568]
Event: 27.906 Thread 0x000001b4e42a0a00 10021       3       java.util.ArrayDeque::pop (5 bytes)
Event: 27.907 Thread 0x000001b4e42a0a00 nmethod 10021 0x000001b4d1358a10 code [0x000001b4d1358be0, 0x000001b4d1358e80]
Event: 27.908 Thread 0x000001b4e42a0a00 10022       1       org.jetbrains.kotlin.cfg.ControlFlowInformationProviderImpl::access$getTrace$p (5 bytes)
Event: 27.908 Thread 0x000001b4e42a0a00 nmethod 10022 0x000001b4d8330710 code [0x000001b4d83308a0, 0x000001b4d8330950]
Event: 27.914 Thread 0x000001b4e42a0a00 10023       3       org.jetbrains.kotlin.cli.jvm.compiler.CliBindingTrace::get (110 bytes)
Event: 27.915 Thread 0x000001b4e42a0a00 nmethod 10023 0x000001b4d1358f90 code [0x000001b4d1359400, 0x000001b4d135b0f8]
Event: 27.915 Thread 0x000001b4e42a0a00 10024       3       org.jetbrains.kotlin.resolve.BindingTraceContext::get (12 bytes)
Event: 27.915 Thread 0x000001b4e42a0a00 nmethod 10024 0x000001b4d135ba10 code [0x000001b4d135bbc0, 0x000001b4d135bd50]
Event: 27.927 Thread 0x000001b4e42a0a00 10025       3       org.jetbrains.kotlin.com.intellij.psi.impl.source.tree.SharedImplUtil::getNextSibling (18 bytes)
Event: 27.927 Thread 0x000001b4e42a0a00 nmethod 10025 0x000001b4d135be90 code [0x000001b4d135c060, 0x000001b4d135c448]
Event: 27.929 Thread 0x000001b4ed230520 10026       4       java.lang.invoke.TypeConvertingMethodAdapter::descriptorToName (36 bytes)
Event: 27.933 Thread 0x000001b4e429bf50 10027  s    4       java.util.jar.JarFile::getInputStream (88 bytes)
Event: 27.936 Thread 0x000001b4e429bf50 nmethod 10027 0x000001b4d8330a10 code [0x000001b4d8330bc0, 0x000001b4d8330f78]
Event: 27.938 Thread 0x000001b4ed230520 nmethod 10026 0x000001b4d8331190 code [0x000001b4d8331380, 0x000001b4d8331a10]
Event: 27.977 Thread 0x000001b4e429bf50 10028   !   4       java.lang.ClassLoader::addClass (27 bytes)
Event: 27.992 Thread 0x000001b4e429bf50 nmethod 10028 0x000001b4d8331e90 code [0x000001b4d8332060, 0x000001b4d8332ba8]

GC Heap History (20 events):
Event: 18.544 GC heap after
{Heap after GC invocations=23 (full 0):
 garbage-first heap   total 117760K, used 74708K [0x0000000080000000, 0x0000000100000000)
  region size 1024K, 5 young (5120K), 5 survivors (5120K)
 Metaspace       used 66545K, committed 68224K, reserved 1114112K
  class space    used 9371K, committed 10176K, reserved 1048576K
}
Event: 19.274 GC heap before
{Heap before GC invocations=23 (full 0):
 garbage-first heap   total 117760K, used 105428K [0x0000000080000000, 0x0000000100000000)
  region size 1024K, 36 young (36864K), 5 survivors (5120K)
 Metaspace       used 67183K, committed 68800K, reserved 1114112K
  class space    used 9453K, committed 10240K, reserved 1048576K
}
Event: 19.288 GC heap after
{Heap after GC invocations=24 (full 0):
 garbage-first heap   total 117760K, used 78718K [0x0000000080000000, 0x0000000100000000)
  region size 1024K, 4 young (4096K), 4 survivors (4096K)
 Metaspace       used 67183K, committed 68800K, reserved 1114112K
  class space    used 9453K, committed 10240K, reserved 1048576K
}
Event: 19.939 GC heap before
{Heap before GC invocations=25 (full 0):
 garbage-first heap   total 132096K, used 106366K [0x0000000080000000, 0x0000000100000000)
  region size 1024K, 32 young (32768K), 4 survivors (4096K)
 Metaspace       used 72373K, committed 74048K, reserved 1114112K
  class space    used 10576K, committed 11392K, reserved 1048576K
}
Event: 19.946 GC heap after
{Heap after GC invocations=26 (full 0):
 garbage-first heap   total 132096K, used 79834K [0x0000000080000000, 0x0000000100000000)
  region size 1024K, 2 young (2048K), 2 survivors (2048K)
 Metaspace       used 72373K, committed 74048K, reserved 1114112K
  class space    used 10576K, committed 11392K, reserved 1048576K
}
Event: 20.658 GC heap before
{Heap before GC invocations=26 (full 0):
 garbage-first heap   total 132096K, used 117722K [0x0000000080000000, 0x0000000100000000)
  region size 1024K, 40 young (40960K), 2 survivors (2048K)
 Metaspace       used 77867K, committed 79552K, reserved 1179648K
  class space    used 11304K, committed 12096K, reserved 1048576K
}
Event: 20.664 GC heap after
{Heap after GC invocations=27 (full 0):
 garbage-first heap   total 158720K, used 79815K [0x0000000080000000, 0x0000000100000000)
  region size 1024K, 2 young (2048K), 2 survivors (2048K)
 Metaspace       used 77867K, committed 79552K, reserved 1179648K
  class space    used 11304K, committed 12096K, reserved 1048576K
}
Event: 21.577 GC heap before
{Heap before GC invocations=27 (full 0):
 garbage-first heap   total 158720K, used 122823K [0x0000000080000000, 0x0000000100000000)
  region size 1024K, 45 young (46080K), 2 survivors (2048K)
 Metaspace       used 85136K, committed 86848K, reserved 1179648K
  class space    used 12231K, committed 13056K, reserved 1048576K
}
Event: 21.585 GC heap after
{Heap after GC invocations=28 (full 0):
 garbage-first heap   total 158720K, used 80744K [0x0000000080000000, 0x0000000100000000)
  region size 1024K, 3 young (3072K), 3 survivors (3072K)
 Metaspace       used 85136K, committed 86848K, reserved 1179648K
  class space    used 12231K, committed 13056K, reserved 1048576K
}
Event: 22.463 GC heap before
{Heap before GC invocations=29 (full 0):
 garbage-first heap   total 158720K, used 155496K [0x0000000080000000, 0x0000000100000000)
  region size 1024K, 65 young (66560K), 3 survivors (3072K)
 Metaspace       used 85450K, committed 87168K, reserved 1179648K
  class space    used 12240K, committed 13056K, reserved 1048576K
}
Event: 22.507 GC heap after
{Heap after GC invocations=30 (full 0):
 garbage-first heap   total 176128K, used 99328K [0x0000000080000000, 0x0000000100000000)
  region size 1024K, 9 young (9216K), 9 survivors (9216K)
 Metaspace       used 85450K, committed 87168K, reserved 1179648K
  class space    used 12240K, committed 13056K, reserved 1048576K
}
Event: 23.432 GC heap before
{Heap before GC invocations=30 (full 0):
 garbage-first heap   total 176128K, used 164864K [0x0000000080000000, 0x0000000100000000)
  region size 1024K, 62 young (63488K), 9 survivors (9216K)
 Metaspace       used 90209K, committed 91968K, reserved 1179648K
  class space    used 12806K, committed 13632K, reserved 1048576K
}
Event: 23.463 GC heap after
{Heap after GC invocations=31 (full 0):
 garbage-first heap   total 183296K, used 114862K [0x0000000080000000, 0x0000000100000000)
  region size 1024K, 7 young (7168K), 7 survivors (7168K)
 Metaspace       used 90209K, committed 91968K, reserved 1179648K
  class space    used 12806K, committed 13632K, reserved 1048576K
}
Event: 24.336 GC heap before
{Heap before GC invocations=31 (full 0):
 garbage-first heap   total 183296K, used 162990K [0x0000000080000000, 0x0000000100000000)
  region size 1024K, 54 young (55296K), 7 survivors (7168K)
 Metaspace       used 96084K, committed 97856K, reserved 1179648K
  class space    used 13378K, committed 14208K, reserved 1048576K
}
Event: 24.351 GC heap after
{Heap after GC invocations=32 (full 0):
 garbage-first heap   total 183296K, used 119079K [0x0000000080000000, 0x0000000100000000)
  region size 1024K, 5 young (5120K), 5 survivors (5120K)
 Metaspace       used 96084K, committed 97856K, reserved 1179648K
  class space    used 13378K, committed 14208K, reserved 1048576K
}
Event: 25.427 GC heap before
{Heap before GC invocations=33 (full 0):
 garbage-first heap   total 199680K, used 165159K [0x0000000080000000, 0x0000000100000000)
  region size 1024K, 50 young (51200K), 5 survivors (5120K)
 Metaspace       used 101314K, committed 103424K, reserved 1179648K
  class space    used 14099K, committed 15104K, reserved 1048576K
}
Event: 25.438 GC heap after
{Heap after GC invocations=34 (full 0):
 garbage-first heap   total 199680K, used 120832K [0x0000000080000000, 0x0000000100000000)
  region size 1024K, 6 young (6144K), 6 survivors (6144K)
 Metaspace       used 101314K, committed 103424K, reserved 1179648K
  class space    used 14099K, committed 15104K, reserved 1048576K
}
Event: 26.666 GC heap before
{Heap before GC invocations=34 (full 0):
 garbage-first heap   total 199680K, used 182272K [0x0000000080000000, 0x0000000100000000)
  region size 1024K, 65 young (66560K), 6 survivors (6144K)
 Metaspace       used 107727K, committed 109760K, reserved 1179648K
  class space    used 14890K, committed 15872K, reserved 1048576K
}
Event: 26.691 GC heap after
{Heap after GC invocations=35 (full 0):
 garbage-first heap   total 199680K, used 126194K [0x0000000080000000, 0x0000000100000000)
  region size 1024K, 9 young (9216K), 9 survivors (9216K)
 Metaspace       used 107727K, committed 109760K, reserved 1179648K
  class space    used 14890K, committed 15872K, reserved 1048576K
}
Event: 27.994 GC heap before
{Heap before GC invocations=35 (full 0):
 garbage-first heap   total 199680K, used 181490K [0x0000000080000000, 0x0000000100000000)
  region size 1024K, 63 young (64512K), 9 survivors (9216K)
 Metaspace       used 111149K, committed 113152K, reserved 1179648K
  class space    used 15293K, committed 16256K, reserved 1048576K
}

Dll operation events (3 events):
Event: 0.015 Loaded shared library C:\Program Files\Android\Android Studio\jbr\bin\java.dll
Event: 0.035 Loaded shared library C:\Program Files\Android\Android Studio\jbr\bin\zip.dll
Event: 1.186 Loaded shared library C:\Program Files\Android\Android Studio\jbr\bin\verify.dll

Deoptimization events (20 events):
Event: 27.888 Thread 0x000001b4e98fdb40 Uncommon trap: trap_request=0xfffffff4 fr.pc=0x000001b4d82d7b04 relative=0x0000000000000064
Event: 27.888 Thread 0x000001b4e98fdb40 Uncommon trap: reason=null_check action=make_not_entrant pc=0x000001b4d82d7b04 method=org.jetbrains.kotlin.utils.WrappedValues.unescapeThrowable(Ljava/lang/Object;)Ljava/lang/Object; @ 1 c2
Event: 27.888 Thread 0x000001b4e98fdb40 DEOPT PACKING pc=0x000001b4d82d7b04 sp=0x00000005811f33a0
Event: 27.889 Thread 0x000001b4e98fdb40 DEOPT UNPACKING pc=0x000001b4d79143a2 sp=0x00000005811f3328 mode 2
Event: 27.897 Thread 0x000001b4e98fdb40 Uncommon trap: trap_request=0xffffffde fr.pc=0x000001b4d8278b94 relative=0x0000000000000074
Event: 27.897 Thread 0x000001b4e98fdb40 Uncommon trap: reason=class_check action=maybe_recompile pc=0x000001b4d8278b94 method=java.util.Collections$UnmodifiableCollection.size()I @ 4 c2
Event: 27.897 Thread 0x000001b4e98fdb40 DEOPT PACKING pc=0x000001b4d8278b94 sp=0x00000005811f04f0
Event: 27.897 Thread 0x000001b4e98fdb40 DEOPT UNPACKING pc=0x000001b4d79143a2 sp=0x00000005811f0478 mode 2
Event: 27.897 Thread 0x000001b4e98fdb40 Uncommon trap: trap_request=0xffffffde fr.pc=0x000001b4d8278b94 relative=0x0000000000000074
Event: 27.897 Thread 0x000001b4e98fdb40 Uncommon trap: reason=class_check action=maybe_recompile pc=0x000001b4d8278b94 method=java.util.Collections$UnmodifiableCollection.size()I @ 4 c2
Event: 27.897 Thread 0x000001b4e98fdb40 DEOPT PACKING pc=0x000001b4d8278b94 sp=0x00000005811f0460
Event: 27.897 Thread 0x000001b4e98fdb40 DEOPT UNPACKING pc=0x000001b4d79143a2 sp=0x00000005811f03e8 mode 2
Event: 27.897 Thread 0x000001b4e98fdb40 Uncommon trap: trap_request=0xffffffde fr.pc=0x000001b4d8278b94 relative=0x0000000000000074
Event: 27.897 Thread 0x000001b4e98fdb40 Uncommon trap: reason=class_check action=maybe_recompile pc=0x000001b4d8278b94 method=java.util.Collections$UnmodifiableCollection.size()I @ 4 c2
Event: 27.897 Thread 0x000001b4e98fdb40 DEOPT PACKING pc=0x000001b4d8278b94 sp=0x00000005811f0a50
Event: 27.897 Thread 0x000001b4e98fdb40 DEOPT UNPACKING pc=0x000001b4d79143a2 sp=0x00000005811f09d8 mode 2
Event: 27.897 Thread 0x000001b4e98fdb40 Uncommon trap: trap_request=0xffffffde fr.pc=0x000001b4d8278b94 relative=0x0000000000000074
Event: 27.897 Thread 0x000001b4e98fdb40 Uncommon trap: reason=class_check action=maybe_recompile pc=0x000001b4d8278b94 method=java.util.Collections$UnmodifiableCollection.size()I @ 4 c2
Event: 27.897 Thread 0x000001b4e98fdb40 DEOPT PACKING pc=0x000001b4d8278b94 sp=0x00000005811f09c0
Event: 27.897 Thread 0x000001b4e98fdb40 DEOPT UNPACKING pc=0x000001b4d79143a2 sp=0x00000005811f0948 mode 2

Classes loaded (20 events):
Event: 21.552 Loading class java/io/UTFDataFormatException
Event: 21.552 Loading class java/io/UTFDataFormatException done
Event: 22.630 Loading class java/nio/channels/NonWritableChannelException
Event: 22.630 Loading class java/nio/channels/NonWritableChannelException done
Event: 25.227 Loading class java/text/StringCharacterIterator
Event: 25.228 Loading class java/text/CharacterIterator
Event: 25.228 Loading class java/text/CharacterIterator done
Event: 25.228 Loading class java/text/StringCharacterIterator done
Event: 25.294 Loading class java/io/NotSerializableException
Event: 25.294 Loading class java/io/NotSerializableException done
Event: 25.416 Loading class java/util/AbstractList$ListItr
Event: 25.416 Loading class java/util/AbstractList$ListItr done
Event: 25.620 Loading class java/util/function/IntUnaryOperator
Event: 25.620 Loading class java/util/function/IntUnaryOperator done
Event: 25.796 Loading class java/util/AbstractList$RandomAccessSubList
Event: 25.796 Loading class java/util/AbstractList$SubList
Event: 25.796 Loading class java/util/AbstractList$SubList done
Event: 25.796 Loading class java/util/AbstractList$RandomAccessSubList done
Event: 26.140 Loading class java/util/AbstractList$SubList$1
Event: 26.140 Loading class java/util/AbstractList$SubList$1 done

Classes unloaded (0 events):
No events

Classes redefined (0 events):
No events

Internal exceptions (20 events):
Event: 20.656 Thread 0x000001b4e98fdb40 Exception <a 'java/lang/NoSuchMethodError'{0x00000000855d1148}: 'int java.lang.invoke.DelegatingMethodHandle$Holder.reinvoke_L(java.lang.Object, java.lang.Object, java.lang.Object, long, int, int)'> (0x00000000855d1148) 
thrown [s\src\hotspot\share\interpreter\linkResolver.cpp, line 784]
Event: 20.657 Thread 0x000001b4e98fdb40 Exception <a 'java/lang/NoSuchMethodError'{0x00000000855e0590}: 'int java.lang.invoke.DelegatingMethodHandle$Holder.reinvoke_L(java.lang.Object, java.lang.Object, java.lang.Object, long, long, long)'> (0x00000000855e0590) 
thrown [s\src\hotspot\share\interpreter\linkResolver.cpp, line 784]
Event: 20.657 Thread 0x000001b4e98fdb40 Exception <a 'java/lang/NoSuchMethodError'{0x00000000855ef698}: 'int java.lang.invoke.DelegatingMethodHandle$Holder.reinvoke_L(java.lang.Object, java.lang.Object, java.lang.Object, long, int)'> (0x00000000855ef698) 
thrown [s\src\hotspot\share\interpreter\linkResolver.cpp, line 784]
Event: 21.497 Thread 0x000001b4e98fdb40 Exception <a 'java/lang/NoSuchMethodError'{0x00000000870aca18}: 'java.lang.Object java.lang.invoke.Invokers$Holder.invokeExact_MT(java.lang.Object, java.lang.Object, long, java.lang.Object)'> (0x00000000870aca18) 
thrown [s\src\hotspot\share\interpreter\linkResolver.cpp, line 784]
Event: 21.548 Thread 0x000001b4e98fdb40 Exception <a 'java/lang/NoSuchMethodError'{0x0000000086d1d778}: 'long java.lang.invoke.DirectMethodHandle$Holder.invokeStatic(java.lang.Object, java.lang.Object, int)'> (0x0000000086d1d778) 
thrown [s\src\hotspot\share\interpreter\linkResolver.cpp, line 784]
Event: 21.549 Thread 0x000001b4e98fdb40 Exception <a 'java/lang/NoSuchMethodError'{0x0000000086d29e18}: 'java.lang.Object java.lang.invoke.DelegatingMethodHandle$Holder.reinvoke_L(java.lang.Object, int, long, java.lang.Object, java.lang.Object, int, java.lang.Object)'> (0x0000000086d29e18) 
thrown [s\src\hotspot\share\interpreter\linkResolver.cpp, line 784]
Event: 22.025 Thread 0x000001b4e98fdb40 Implicit null exception at 0x000001b4d81d7ea7 to 0x000001b4d81d8524
Event: 22.032 Thread 0x000001b4e98fdb40 Implicit null exception at 0x000001b4d801e8b0 to 0x000001b4d802089c
Event: 24.376 Thread 0x000001b4e98fdb40 Exception <a 'java/lang/NoSuchMethodError'{0x000000008bfd6bf8}: 'java.lang.Object java.lang.invoke.DirectMethodHandle$Holder.newInvokeSpecial(java.lang.Object, java.lang.Object, java.lang.Object, java.lang.Object, java.lang.Object, java.lang.Object, java.lang.Object, java.lang.Object, java.lang.Object, java.lang.Object, java.lang.Object, java.lang.Object, java.lang.Object, java.lang.Object, java.lang.Object, java.lang.Object, java.lang.Object, java.lang.Object, java.lang.Object, java.lang.Object, java.lang
Event: 24.406 Thread 0x000001b4e98fdb40 Exception <a 'java/lang/NoSuchMethodError'{0x0000000089dba2c0}: 'java.lang.Object java.lang.invoke.DirectMethodHandle$Holder.newInvokeSpecial(java.lang.Object, java.lang.Object, java.lang.Object, java.lang.Object, java.lang.Object, java.lang.Object, java.lang.Object, java.lang.Object, java.lang.Object, java.lang.Object, java.lang.Object, java.lang.Object, java.lang.Object, java.lang.Object, java.lang.Object, java.lang.Object, java.lang.Object, java.lang.Object, java.lang.Object, java.lang.Object)'> (0x0000
Event: 24.406 Thread 0x000001b4e98fdb40 Exception <a 'java/lang/NoSuchMethodError'{0x0000000089dc1ed8}: 'java.lang.Object java.lang.invoke.DirectMethodHandle$Holder.invokeSpecial(java.lang.Object, java.lang.Object, java.lang.Object, java.lang.Object, java.lang.Object, java.lang.Object, java.lang.Object, java.lang.Object, java.lang.Object, java.lang.Object, java.lang.Object, java.lang.Object, java.lang.Object, java.lang.Object, java.lang.Object, java.lang.Object, java.lang.Object, java.lang.Object, java.lang.Object, java.lang.Object, java.lang.Ob
Event: 24.407 Thread 0x000001b4e98fdb40 Exception <a 'java/lang/NoSuchMethodError'{0x0000000089dc8660}: 'java.lang.Object java.lang.invoke.DelegatingMethodHandle$Holder.reinvoke_L(java.lang.Object, java.lang.Object, java.lang.Object, java.lang.Object, java.lang.Object, java.lang.Object, java.lang.Object, java.lang.Object, java.lang.Object, java.lang.Object, java.lang.Object, java.lang.Object, java.lang.Object, java.lang.Object, java.lang.Object, java.lang.Object, java.lang.Object, java.lang.Object, java.lang.Object, java.lang.Object)'> (0x000000
Event: 24.618 Thread 0x000001b4e98d7fb0 Exception <a 'sun/nio/fs/WindowsException'{0x00000000896053e0}> (0x00000000896053e0) 
thrown [s\src\hotspot\share\prims\jni.cpp, line 537]
Event: 24.639 Thread 0x000001b4e98d7fb0 Exception <a 'sun/nio/fs/WindowsException'{0x0000000089612100}> (0x0000000089612100) 
thrown [s\src\hotspot\share\prims\jni.cpp, line 537]
Event: 24.686 Thread 0x000001b4e98fdb40 Exception <a 'java/lang/NoSuchMethodError'{0x000000008ac0fec8}: 'java.lang.Object java.lang.invoke.DirectMethodHandle$Holder.newInvokeSpecial(java.lang.Object, java.lang.Object, java.lang.Object, java.lang.Object, java.lang.Object, java.lang.Object, java.lang.Object, java.lang.Object, java.lang.Object, java.lang.Object, java.lang.Object, java.lang.Object, java.lang.Object, java.lang.Object, java.lang.Object, java.lang.Object)'> (0x000000008ac0fec8) 
thrown [s\src\hotspot\share\interpreter\linkResolver.cpp,
Event: 24.686 Thread 0x000001b4e98fdb40 Exception <a 'java/lang/NoSuchMethodError'{0x000000008ac17058}: 'java.lang.Object java.lang.invoke.DirectMethodHandle$Holder.invokeSpecial(java.lang.Object, java.lang.Object, java.lang.Object, java.lang.Object, java.lang.Object, java.lang.Object, java.lang.Object, java.lang.Object, java.lang.Object, java.lang.Object, java.lang.Object, java.lang.Object, java.lang.Object, java.lang.Object, java.lang.Object, java.lang.Object, java.lang.Object)'> (0x000000008ac17058) 
thrown [s\src\hotspot\share\interpreter\li
Event: 24.687 Thread 0x000001b4e98fdb40 Exception <a 'java/lang/NoSuchMethodError'{0x000000008ac1d160}: 'java.lang.Object java.lang.invoke.DelegatingMethodHandle$Holder.reinvoke_L(java.lang.Object, java.lang.Object, java.lang.Object, java.lang.Object, java.lang.Object, java.lang.Object, java.lang.Object, java.lang.Object, java.lang.Object, java.lang.Object, java.lang.Object, java.lang.Object, java.lang.Object, java.lang.Object, java.lang.Object, java.lang.Object)'> (0x000000008ac1d160) 
thrown [s\src\hotspot\share\interpreter\linkResolver.cpp, l
Event: 24.706 Thread 0x000001b4e98fdb40 Exception <a 'java/lang/NoSuchMethodError'{0x000000008ab61f98}: 'java.lang.Object java.lang.invoke.DirectMethodHandle$Holder.newInvokeSpecial(java.lang.Object, java.lang.Object, java.lang.Object, java.lang.Object, java.lang.Object, java.lang.Object, java.lang.Object, java.lang.Object, java.lang.Object, java.lang.Object, java.lang.Object, java.lang.Object, java.lang.Object, java.lang.Object, java.lang.Object, java.lang.Object, java.lang.Object, java.lang.Object, java.lang.Object, java.lang.Object, java.lang
Event: 27.888 Thread 0x000001b4e98fdb40 Implicit null exception at 0x000001b4d832532b to 0x000001b4d8325ad4
Event: 27.888 Thread 0x000001b4e98fdb40 Implicit null exception at 0x000001b4d82d7abd to 0x000001b4d82d7af8

ZGC Phase Switch (0 events):
No events

VM Operations (20 events):
Event: 24.986 Executing VM operation: HandshakeAllThreads (Deoptimize) done
Event: 25.120 Executing VM operation: HandshakeAllThreads (Deoptimize)
Event: 25.121 Executing VM operation: HandshakeAllThreads (Deoptimize) done
Event: 25.158 Executing VM operation: HandshakeAllThreads (Deoptimize)
Event: 25.159 Executing VM operation: HandshakeAllThreads (Deoptimize) done
Event: 25.418 Executing VM operation: HandshakeAllThreads (Deoptimize)
Event: 25.418 Executing VM operation: HandshakeAllThreads (Deoptimize) done
Event: 25.427 Executing VM operation: G1CollectForAllocation (G1 Evacuation Pause)
Event: 25.438 Executing VM operation: G1CollectForAllocation (G1 Evacuation Pause) done
Event: 26.300 Executing VM operation: HandshakeAllThreads (Deoptimize)
Event: 26.300 Executing VM operation: HandshakeAllThreads (Deoptimize) done
Event: 26.504 Executing VM operation: ICBufferFull
Event: 26.504 Executing VM operation: ICBufferFull done
Event: 26.666 Executing VM operation: G1CollectForAllocation (G1 Evacuation Pause)
Event: 26.691 Executing VM operation: G1CollectForAllocation (G1 Evacuation Pause) done
Event: 27.659 Executing VM operation: HandshakeAllThreads (Deoptimize)
Event: 27.659 Executing VM operation: HandshakeAllThreads (Deoptimize) done
Event: 27.686 Executing VM operation: ICBufferFull
Event: 27.686 Executing VM operation: ICBufferFull done
Event: 27.994 Executing VM operation: G1CollectForAllocation (G1 Evacuation Pause)

Memory protections (0 events):
No events

Nmethod flushes (20 events):
Event: 24.631 Thread 0x000001b4e4212050 flushing  nmethod 0x000001b4d0913710
Event: 24.631 Thread 0x000001b4e4212050 flushing  nmethod 0x000001b4d0a9a790
Event: 24.631 Thread 0x000001b4e4212050 flushing  nmethod 0x000001b4d0b40d90
Event: 24.631 Thread 0x000001b4e4212050 flushing  nmethod 0x000001b4d0da3990
Event: 24.631 Thread 0x000001b4e4212050 flushing  nmethod 0x000001b4d0f1e190
Event: 24.631 Thread 0x000001b4e4212050 flushing  nmethod 0x000001b4d0f1fe10
Event: 24.631 Thread 0x000001b4e4212050 flushing  nmethod 0x000001b4d7f7fb90
Event: 24.631 Thread 0x000001b4e4212050 flushing  nmethod 0x000001b4d7f81290
Event: 24.631 Thread 0x000001b4e4212050 flushing  nmethod 0x000001b4d80c3e10
Event: 24.631 Thread 0x000001b4e4212050 flushing  nmethod 0x000001b4d03bbb90
Event: 24.631 Thread 0x000001b4e4212050 flushing  nmethod 0x000001b4d03db410
Event: 24.631 Thread 0x000001b4e4212050 flushing  nmethod 0x000001b4d054fb10
Event: 24.631 Thread 0x000001b4e4212050 flushing  nmethod 0x000001b4d054fe10
Event: 24.631 Thread 0x000001b4e4212050 flushing  nmethod 0x000001b4d0561490
Event: 24.631 Thread 0x000001b4e4212050 flushing  nmethod 0x000001b4d0563e10
Event: 24.631 Thread 0x000001b4e4212050 flushing  nmethod 0x000001b4d06b6590
Event: 24.631 Thread 0x000001b4e4212050 flushing  nmethod 0x000001b4d082c810
Event: 24.631 Thread 0x000001b4e4212050 flushing  nmethod 0x000001b4d0a6fa90
Event: 24.631 Thread 0x000001b4e4212050 flushing  nmethod 0x000001b4d0c86810
Event: 24.631 Thread 0x000001b4e4212050 flushing  nmethod 0x000001b4d0cb2810

Events (20 events):
Event: 13.470 Thread 0x000001b4e98fdb40 Thread added: 0x000001b4ecf5de40
Event: 13.472 Thread 0x000001b4e98fdb40 Thread added: 0x000001b4ecf61950
Event: 13.694 Thread 0x000001b4e98fdb40 Thread added: 0x000001b4ecf5b6e0
Event: 13.695 Thread 0x000001b4e98fdb40 Thread added: 0x000001b4ecf5bd70
Event: 13.697 Thread 0x000001b4e98fdb40 Thread added: 0x000001b4ecf5f1f0
Event: 17.052 Thread 0x000001b4e98fdb40 Thread added: 0x000001b4ed350180
Event: 18.397 Thread 0x000001b4e98fdb40 Thread added: 0x000001b4ed351530
Event: 18.397 Thread 0x000001b4e98fdb40 Thread added: 0x000001b4ed350810
Event: 18.398 Thread 0x000001b4e98fdb40 Thread added: 0x000001b4ed34faf0
Event: 18.519 Thread 0x000001b4e98fdb40 Thread added: 0x000001b4ed2c5e10
Event: 18.521 Thread 0x000001b4e98fdb40 Thread added: 0x000001b4ed2c5780
Event: 18.523 Thread 0x000001b4e98fdb40 Thread added: 0x000001b4ed2bf510
Event: 19.598 Thread 0x000001b4e47e74c0 Thread exited: 0x000001b4e47e74c0
Event: 21.709 Thread 0x000001b4e429bf50 Thread added: 0x000001b4ee2752e0
Event: 22.816 Thread 0x000001b4ee2752e0 Thread exited: 0x000001b4ee2752e0
Event: 23.276 Thread 0x000001b4e42a0a00 Thread added: 0x000001b4ee276080
Event: 23.512 Thread 0x000001b4ee276080 Thread exited: 0x000001b4ee276080
Event: 25.045 Thread 0x000001b4e42a0a00 Thread added: 0x000001b4ee2774f0
Event: 25.329 Thread 0x000001b4ee2774f0 Thread exited: 0x000001b4ee2774f0
Event: 26.410 Thread 0x000001b4e42a0a00 Thread added: 0x000001b4ed230520


Dynamic libraries:
0x00007ff660fb0000 - 0x00007ff660fba000 	C:\Program Files\Android\Android Studio\jbr\bin\java.exe
0x00007ffc7a530000 - 0x00007ffc7a728000 	C:\Windows\SYSTEM32\ntdll.dll
0x00007ffc79a00000 - 0x00007ffc79ac2000 	C:\Windows\System32\KERNEL32.DLL
0x00007ffc780b0000 - 0x00007ffc783a6000 	C:\Windows\System32\KERNELBASE.dll
0x00007ffc783b0000 - 0x00007ffc784b0000 	C:\Windows\System32\ucrtbase.dll
0x00007ffc6e1a0000 - 0x00007ffc6e1bb000 	C:\Program Files\Android\Android Studio\jbr\bin\VCRUNTIME140.dll
0x00007ffc5a680000 - 0x00007ffc5a698000 	C:\Program Files\Android\Android Studio\jbr\bin\jli.dll
0x00007ffc78e00000 - 0x00007ffc78fa1000 	C:\Windows\System32\USER32.dll
0x00007ffc67aa0000 - 0x00007ffc67d3b000 	C:\Windows\WinSxS\amd64_microsoft.windows.common-controls_6595b64144ccf1df_6.0.19041.6456_none_60b8a6cb71f64256\COMCTL32.dll
0x00007ffc77db0000 - 0x00007ffc77dd2000 	C:\Windows\System32\win32u.dll
0x00007ffc78a00000 - 0x00007ffc78a9e000 	C:\Windows\System32\msvcrt.dll
0x00007ffc786c0000 - 0x00007ffc786eb000 	C:\Windows\System32\GDI32.dll
0x00007ffc77c10000 - 0x00007ffc77d29000 	C:\Windows\System32\gdi32full.dll
0x00007ffc784b0000 - 0x00007ffc7854d000 	C:\Windows\System32\msvcp_win.dll
0x00007ffc78820000 - 0x00007ffc7884f000 	C:\Windows\System32\IMM32.DLL
0x00007ffc71890000 - 0x00007ffc7189c000 	C:\Program Files\Android\Android Studio\jbr\bin\vcruntime140_1.dll
0x00007ffc4a760000 - 0x00007ffc4a7ed000 	C:\Program Files\Android\Android Studio\jbr\bin\msvcp140.dll
0x00007ffbed660000 - 0x00007ffbee2f6000 	C:\Program Files\Android\Android Studio\jbr\bin\server\jvm.dll
0x00007ffc7a430000 - 0x00007ffc7a4e1000 	C:\Windows\System32\ADVAPI32.dll
0x00007ffc790d0000 - 0x00007ffc7916f000 	C:\Windows\System32\sechost.dll
0x00007ffc798e0000 - 0x00007ffc79a00000 	C:\Windows\System32\RPCRT4.dll
0x00007ffc77de0000 - 0x00007ffc77e07000 	C:\Windows\System32\bcrypt.dll
0x00007ffc79ad0000 - 0x00007ffc79b3b000 	C:\Windows\System32\WS2_32.dll
0x00007ffc77110000 - 0x00007ffc7715b000 	C:\Windows\SYSTEM32\POWRPROF.dll
0x00007ffc67830000 - 0x00007ffc67857000 	C:\Windows\SYSTEM32\WINMM.dll
0x00007ffc682f0000 - 0x00007ffc682fa000 	C:\Windows\SYSTEM32\VERSION.dll
0x00007ffc76f80000 - 0x00007ffc76f92000 	C:\Windows\SYSTEM32\UMPDC.dll
0x00007ffc759f0000 - 0x00007ffc75a02000 	C:\Windows\SYSTEM32\kernel.appcore.dll
0x00007ffc6e5a0000 - 0x00007ffc6e5aa000 	C:\Program Files\Android\Android Studio\jbr\bin\jimage.dll
0x00007ffc67890000 - 0x00007ffc67a91000 	C:\Windows\SYSTEM32\DBGHELP.DLL
0x00007ffc592c0000 - 0x00007ffc592f4000 	C:\Windows\SYSTEM32\dbgcore.DLL
0x00007ffc77e10000 - 0x00007ffc77e92000 	C:\Windows\System32\bcryptPrimitives.dll
0x00007ffc5eb50000 - 0x00007ffc5eb5e000 	C:\Program Files\Android\Android Studio\jbr\bin\instrument.dll
0x00007ffc6c1e0000 - 0x00007ffc6c200000 	C:\Program Files\Android\Android Studio\jbr\bin\java.dll
0x00007ffc610f0000 - 0x00007ffc61108000 	C:\Program Files\Android\Android Studio\jbr\bin\zip.dll
0x00007ffc79170000 - 0x00007ffc798e0000 	C:\Windows\System32\SHELL32.dll
0x00007ffc75bf0000 - 0x00007ffc76395000 	C:\Windows\SYSTEM32\windows.storage.dll
0x00007ffc78aa0000 - 0x00007ffc78df4000 	C:\Windows\System32\combase.dll
0x00007ffc77510000 - 0x00007ffc7753b000 	C:\Windows\SYSTEM32\Wldp.dll
0x00007ffc79e60000 - 0x00007ffc79f2d000 	C:\Windows\System32\OLEAUT32.dll
0x00007ffc78610000 - 0x00007ffc786bd000 	C:\Windows\System32\SHCORE.dll
0x00007ffc787c0000 - 0x00007ffc7881b000 	C:\Windows\System32\shlwapi.dll
0x00007ffc77af0000 - 0x00007ffc77b14000 	C:\Windows\SYSTEM32\profapi.dll
0x00007ffc6e110000 - 0x00007ffc6e120000 	C:\Program Files\Android\Android Studio\jbr\bin\net.dll
0x00007ffc70b40000 - 0x00007ffc70c4a000 	C:\Windows\SYSTEM32\WINHTTP.dll
0x00007ffc772f0000 - 0x00007ffc7735a000 	C:\Windows\system32\mswsock.dll
0x00007ffc61080000 - 0x00007ffc61096000 	C:\Program Files\Android\Android Studio\jbr\bin\nio.dll
0x00007ffc69060000 - 0x00007ffc69070000 	C:\Program Files\Android\Android Studio\jbr\bin\verify.dll
0x00007ffc56590000 - 0x00007ffc565b7000 	C:\Users\Tortue\.gradle\native\c067742578af261105cb4f569cf0c3c89f3d7b1fecec35dd04571415982c5e48\windows-amd64\native-platform.dll
0x00007ffc04a60000 - 0x00007ffc04ba4000 	C:\Users\Tortue\.gradle\native\38dada09dfb8b06ba9b0570ebf7e218e3eb74d4ef43ca46872605cf95ebc2f47\windows-amd64\native-platform-file-events.dll
0x00007ffc6bd30000 - 0x00007ffc6bd39000 	C:\Program Files\Android\Android Studio\jbr\bin\management.dll
0x00007ffc69b30000 - 0x00007ffc69b3b000 	C:\Program Files\Android\Android Studio\jbr\bin\management_ext.dll
0x00007ffc79e50000 - 0x00007ffc79e58000 	C:\Windows\System32\PSAPI.DLL
0x00007ffc77550000 - 0x00007ffc77568000 	C:\Windows\SYSTEM32\CRYPTSP.dll
0x00007ffc76bc0000 - 0x00007ffc76bf8000 	C:\Windows\system32\rsaenh.dll
0x00007ffc77ab0000 - 0x00007ffc77ade000 	C:\Windows\SYSTEM32\USERENV.dll
0x00007ffc77480000 - 0x00007ffc7748c000 	C:\Windows\SYSTEM32\CRYPTBASE.dll
0x00007ffc76fa0000 - 0x00007ffc76fdb000 	C:\Windows\SYSTEM32\IPHLPAPI.DLL
0x00007ffc79b40000 - 0x00007ffc79b48000 	C:\Windows\System32\NSI.dll
0x00007ffc6cb90000 - 0x00007ffc6cb99000 	C:\Program Files\Android\Android Studio\jbr\bin\extnet.dll
0x00007ffc6cbf0000 - 0x00007ffc6cbf7000 	C:\Windows\system32\wshunix.dll

JVMTI agents:
C:\Users\Tortue\.gradle\wrapper\dists\gradle-8.7-bin\bhs2wmbdwecv87pi65oeuq5iu\gradle-8.7\lib\agents\gradle-instrumentation-agent-8.7.jar path:C:\Program Files\Android\Android Studio\jbr\bin\instrument.dll, loaded, initialized, instrumentlib options:none

dbghelp: loaded successfully - version: 4.0.5 - missing functions: none
symbol engine: initialized successfully - sym options: 0x614 - pdb path: .;C:\Program Files\Android\Android Studio\jbr\bin;C:\Windows\SYSTEM32;C:\Windows\WinSxS\amd64_microsoft.windows.common-controls_6595b64144ccf1df_6.0.19041.6456_none_60b8a6cb71f64256;C:\Program Files\Android\Android Studio\jbr\bin\server;C:\Users\Tortue\.gradle\native\c067742578af261105cb4f569cf0c3c89f3d7b1fecec35dd04571415982c5e48\windows-amd64;C:\Users\Tortue\.gradle\native\38dada09dfb8b06ba9b0570ebf7e218e3eb74d4ef43ca46872605cf95ebc2f47\windows-amd64

VM Arguments:
jvm_args: --add-opens=java.base/java.util=ALL-UNNAMED --add-opens=java.base/java.lang=ALL-UNNAMED --add-opens=java.base/java.lang.invoke=ALL-UNNAMED --add-opens=java.prefs/java.util.prefs=ALL-UNNAMED --add-opens=java.base/java.nio.charset=ALL-UNNAMED --add-opens=java.base/java.net=ALL-UNNAMED --add-opens=java.base/java.util.concurrent.atomic=ALL-UNNAMED -Xmx2048m -Dfile.encoding=UTF-8 -Duser.country=LU -Duser.language=fr -Duser.variant -javaagent:C:\Users\Tortue\.gradle\wrapper\dists\gradle-8.7-bin\bhs2wmbdwecv87pi65oeuq5iu\gradle-8.7\lib\agents\gradle-instrumentation-agent-8.7.jar 
java_command: org.gradle.launcher.daemon.bootstrap.GradleDaemon 8.7
java_class_path (initial): C:\Users\Tortue\.gradle\wrapper\dists\gradle-8.7-bin\bhs2wmbdwecv87pi65oeuq5iu\gradle-8.7\lib\gradle-launcher-8.7.jar
Launcher Type: SUN_STANDARD

[Global flags]
     intx CICompilerCount                          = 3                                         {product} {ergonomic}
     uint ConcGCThreads                            = 1                                         {product} {ergonomic}
     uint G1ConcRefinementThreads                  = 4                                         {product} {ergonomic}
   size_t G1HeapRegionSize                         = 1048576                                   {product} {ergonomic}
    uintx GCDrainStackTargetSize                   = 64                                        {product} {ergonomic}
   size_t InitialHeapSize                          = 201326592                                 {product} {ergonomic}
   size_t MarkStackSize                            = 4194304                                   {product} {ergonomic}
   size_t MaxHeapSize                              = 2147483648                                {product} {command line}
   size_t MaxNewSize                               = 1287651328                                {product} {ergonomic}
   size_t MinHeapDeltaBytes                        = 1048576                                   {product} {ergonomic}
   size_t MinHeapSize                              = 8388608                                   {product} {ergonomic}
    uintx NonNMethodCodeHeapSize                   = 5832780                                {pd product} {ergonomic}
    uintx NonProfiledCodeHeapSize                  = 122912730                              {pd product} {ergonomic}
    uintx ProfiledCodeHeapSize                     = 122912730                              {pd product} {ergonomic}
    uintx ReservedCodeCacheSize                    = 251658240                              {pd product} {ergonomic}
     bool SegmentedCodeCache                       = true                                      {product} {ergonomic}
   size_t SoftMaxHeapSize                          = 2147483648                             {manageable} {ergonomic}
     bool UseCompressedOops                        = true                           {product lp64_product} {ergonomic}
     bool UseG1GC                                  = true                                      {product} {ergonomic}
     bool UseLargePagesIndividualAllocation        = false                                  {pd product} {ergonomic}

Logging:
Log output configuration:
 #0: stdout all=warning uptime,level,tags foldmultilines=false
 #1: stderr all=off uptime,level,tags foldmultilines=false

Release file:
JAVA_VERSION="21.0.9" 
MODULES="java.base java.compiler java.datatransfer java.xml java.prefs java.desktop java.instrument java.logging java.management java.security.sasl java.naming java.rmi java.management.rmi java.net.http java.scripting java.security.jgss java.transaction.xa java.sql java.sql.rowset java.xml.crypto java.se java.smartcardio jdk.accessibility jdk.internal.jvmstat jdk.attach jdk.charsets jdk.internal.opt jdk.zipfs jdk.compiler jdk.crypto.ec jdk.crypto.cryptoki jdk.dynalink jdk.hotspot.agent jdk.httpserver jdk.internal.ed jdk.internal.le jdk.internal.vm.ci jdk.jartool jdk.javadoc jdk.jcmd jdk.jdeps jdk.jdwp.agent jdk.jdi jdk.jfr jdk.jlink jdk.jsobject jdk.localedata jdk.management jdk.management.agent jdk.management.jfr jdk.naming.dns jdk.naming.rmi jdk.net jdk.sctp jdk.security.auth jdk.security.jgss jdk.unsupported jdk.unsupported.desktop jdk.xml.dom" 
IMPLEMENTOR="JetBrains s.r.o." 
JAVA_RUNTIME_VERSION="21.0.9+-14787801-b1163.94" 
LIBC="default" 
OS_ARCH="x86_64" 
OS_NAME="Windows" 
SOURCE=".:git:0c757ddc9f2f" 

Environment Variables:
PATH=C:\Program Files\Common Files\Oracle\Java\javapath;C:\Program Files (x86)\Common Files\Oracle\Java\javapath;C:\Python314\Scripts\;C:\Python314\;C:\Windows\system32;C:\Windows;C:\Windows\System32\Wbem;C:\Windows\System32\WindowsPowerShell\v1.0\;C:\Windows\System32\OpenSSH\;C:\Program Files\nodejs\;C:\ProgramData\chocolatey\bin;C:\Program Files\Git\cmd;C:\Program Files\dotnet\;C:\Program Files\Docker\Docker\resources\bin;C:\apache-maven-3.9.14\bin;C:\laragon\bin\php\php-8.3.30-Win32-vs16-x64;C:\Users\Tortue\AppData\Local\Microsoft\WindowsApps;C:\Users\Tortue\AppData\Local\Programs\Antigravity\bin;C:\Users\Tortue\AppData\Local\Programs\Microsoft VS Code\bin;C:\Users\Tortue\AppData\Roaming\npm;C:\Users\Tortue\AppData\Local\GitHubDesktop\bin
USERNAME=Tortue
OS=Windows_NT
PROCESSOR_IDENTIFIER=Intel64 Family 6 Model 60 Stepping 3, GenuineIntel
TMP=C:\Users\Tortue\AppData\Local\Temp
TEMP=C:\Users\Tortue\AppData\Local\Temp




Periodic native trim disabled

JNI global refs:
JNI global refs: 25, weak refs: 0

JNI global refs memory usage: 835, weak refs: 833

Process memory usage:
Resident Set Size: 480252K (3% of 12488984K total physical memory with 4369680K free physical memory)

OOME stack traces (most recent first):
Classloader memory used:
Loader org.gradle.internal.classloader.VisitableURLClassLoader                         : 74103K
Loader bootstrap                                                                       : 24738K
Loader org.gradle.initialization.MixInLegacyTypesClassLoader                           : 9060K
Loader org.gradle.internal.classloader.VisitableURLClassLoader                         : 1053K
Loader org.gradle.internal.classloader.VisitableURLClassLoader$InstrumentingVisitableURLClassLoader: 696K
Loader jdk.internal.loader.ClassLoaders$PlatformClassLoader                            : 542K
Loader jdk.internal.jrtfs.JrtFileSystemProvider$JrtFsLoader                            : 325K
Loader jdk.internal.reflect.DelegatingClassLoader                                      : 266K
Loader jdk.internal.loader.ClassLoaders$AppClassLoader                                 : 230K
Loader org.gradle.groovy.scripts.internal.DefaultScriptCompilationHandler$ScriptClassLoader: 90592B
Loader org.codehaus.groovy.runtime.callsite.CallSiteClassLoader                        : 45480B

Classes loaded by more than one classloader:
Class org.gradle.internal.IoActions                                                   : loaded 3 times (x 71B)
Class org.gradle.api.Action                                                           : loaded 3 times (x 70B)
Class org.gradle.internal.Cast                                                        : loaded 3 times (x 71B)
Class org.gradle.api.GradleException                                                  : loaded 3 times (x 82B)
Class Program                                                                         : loaded 3 times (x 72B)
Class jdk.internal.jimage.decompressor.StringSharingDecompressorFactory               : loaded 2 times (x 74B)
Class com.google.common.collect.UnmodifiableListIterator                              : loaded 2 times (x 95B)
Class org.gradle.internal.operations.MultipleBuildOperationFailures                   : loaded 2 times (x 95B)
Class org.gradle.internal.classloader.DefaultClassLoaderFactory                       : loaded 2 times (x 82B)
Class kotlin.collections.AbstractList$Companion                                       : loaded 2 times (x 71B)
Class org.gradle.internal.classloader.ClassLoaderVisitor                              : loaded 2 times (x 76B)
Class org.gradle.api.internal.classpath.EffectiveClassPath                            : loaded 2 times (x 90B)
Class org.gradle.tooling.internal.gradle.DefaultProjectIdentifier                     : loaded 2 times (x 86B)
Class org.gradle.api.internal.DefaultClassPathProvider                                : loaded 2 times (x 76B)
Class [Lorg.gradle.api.internal.ClassPathProvider;                                    : loaded 2 times (x 69B)
Class org.gradle.api.internal.ClassPathProvider                                       : loaded 2 times (x 70B)
Class jdk.internal.jrtfs.SystemImage                                                  : loaded 2 times (x 74B)
Class org.gradle.internal.service.UnknownServiceException                             : loaded 2 times (x 83B)
Class org.gradle.internal.classpath.TransformedClassPath                              : loaded 2 times (x 96B)
Class jdk.internal.jrtfs.SystemImage$1                                                : loaded 2 times (x 78B)
Class com.google.common.collect.Iterators$ArrayItr                                    : loaded 2 times (x 97B)
Class kotlin.enums.EnumEntriesList                                                    : loaded 2 times (x 223B)
Class jdk.internal.jrtfs.SystemImage$2                                                : loaded 2 times (x 76B)
Class com.google.common.collect.UnmodifiableIterator                                  : loaded 2 times (x 80B)
Class org.gradle.internal.service.ServiceLocator                                      : loaded 2 times (x 70B)
Class jdk.internal.jrtfs.JrtFileSystemProvider                                        : loaded 2 times (x 101B)
Class com.intellij.gradle.toolingExtension.util.GradleVersionUtil                     : loaded 2 times (x 71B)
Class org.gradle.tooling.model.UnsupportedMethodException                             : loaded 2 times (x 82B)
Class com.google.common.collect.Iterators                                             : loaded 2 times (x 71B)
Class jdk.internal.jimage.ImageLocation                                               : loaded 2 times (x 90B)
Class jdk.internal.jrtfs.JrtDirectoryStream$1                                         : loaded 2 times (x 83B)
Class com.google.common.collect.Lists$StringAsImmutableList                           : loaded 2 times (x 207B)
Class org.gradle.internal.InternalTransformer                                         : loaded 2 times (x 70B)
Class jdk.internal.jimage.ImageBufferCache$1                                          : loaded 2 times (x 83B)
Class org.gradle.internal.time.DefaultTimer                                           : loaded 2 times (x 80B)
Class org.gradle.internal.classloader.ClasspathUtil$1                                 : loaded 2 times (x 76B)
Class jdk.internal.jimage.ImageBufferCache$2                                          : loaded 2 times (x 91B)
Class org.gradle.api.internal.classpath.DefaultModuleRegistry$DefaultModule           : loaded 2 times (x 86B)
Class com.google.common.collect.AbstractIterator                                      : loaded 2 times (x 82B)
Class com.google.common.collect.AbstractIndexedListIterator                           : loaded 2 times (x 96B)
Class org.gradle.internal.time.DefaultCountdownTimer                                  : loaded 2 times (x 88B)
Class org.gradle.tooling.internal.gradle.DefaultBuildIdentifier                       : loaded 2 times (x 79B)
Class org.gradle.api.internal.classpath.Module                                        : loaded 2 times (x 70B)
Class org.gradle.api.internal.classpath.UnknownModuleException                        : loaded 2 times (x 82B)
Class org.gradle.cache.GlobalCache                                                    : loaded 2 times (x 70B)
Class jdk.internal.jimage.ImageHeader                                                 : loaded 2 times (x 71B)
Class org.gradle.tooling.internal.gradle.GradleProjectIdentity                        : loaded 2 times (x 70B)
Class org.gradle.api.internal.DefaultClassPathRegistry                                : loaded 2 times (x 76B)
Class org.gradle.api.internal.ClassPathRegistry                                       : loaded 2 times (x 70B)
Class org.gradle.internal.classpath.DefaultClassPath$ImmutableUniqueList              : loaded 2 times (x 199B)
Class jdk.internal.jimage.decompressor.ResourceDecompressor                           : loaded 2 times (x 70B)
Class org.gradle.api.internal.classpath.ManifestUtil                                  : loaded 2 times (x 71B)
Class Settings_gradle$1                                                               : loaded 2 times (x 75B)
Class org.gradle.internal.classpath.ClassPath                                         : loaded 2 times (x 70B)
Class org.gradle.api.UncheckedIOException                                             : loaded 2 times (x 82B)
Class jdk.internal.jimage.ImageStringsReader                                          : loaded 2 times (x 80B)
Class com.google.common.collect.Iterators$1                                           : loaded 2 times (x 81B)
Class org.gradle.internal.classloader.ClassLoaderHierarchy                            : loaded 2 times (x 70B)
Class kotlin.UninitializedPropertyAccessException                                     : loaded 2 times (x 82B)
Class jdk.internal.jimage.ImageReader                                                 : loaded 2 times (x 75B)
Class sync_studio_tooling6_coc3dpt1ebgw6tdkpjt461pms$_run_closure1                    : loaded 2 times (x 139B)
Class jdk.internal.jimage.ImageReader$SharedImageReader                               : loaded 2 times (x 95B)
Class com.google.common.collect.Iterators$4                                           : loaded 2 times (x 82B)
Class org.gradle.internal.installation.GradleInstallation$1                           : loaded 2 times (x 75B)
Class org.gradle.api.internal.classpath.ModuleRegistry                                : loaded 2 times (x 70B)
Class jdk.internal.jimage.decompressor.ResourceDecompressorFactory                    : loaded 2 times (x 74B)
Class com.google.common.collect.Iterators$5                                           : loaded 2 times (x 82B)
Class jdk.internal.jimage.ImageReader$Node                                            : loaded 2 times (x 84B)
Class com.google.common.collect.ImmutableCollection                                   : loaded 2 times (x 125B)
Class org.gradle.api.internal.classpath.DefaultModuleRegistry                         : loaded 2 times (x 86B)
Class jdk.internal.jimage.BasicImageReader$1                                          : loaded 2 times (x 77B)
Class com.google.common.collect.Lists                                                 : loaded 2 times (x 71B)
Class com.google.common.collect.Iterators$9                                           : loaded 2 times (x 81B)
Class sync_studio_tooling6_coc3dpt1ebgw6tdkpjt461pms                                  : loaded 2 times (x 179B)
Class jdk.internal.jimage.decompressor.Decompressor                                   : loaded 2 times (x 72B)
Class jdk.internal.jimage.ImageReader$Resource                                        : loaded 2 times (x 84B)
Class org.gradle.internal.time.MonotonicClock                                         : loaded 2 times (x 77B)
Class org.gradle.internal.service.ServiceLookupException                              : loaded 2 times (x 82B)
Class jdk.internal.jrtfs.JrtFileAttributes                                            : loaded 2 times (x 83B)
Class org.gradle.internal.classloader.ClassLoaderFactory                              : loaded 2 times (x 70B)
Class org.gradle.internal.service.CachingServiceLocator                               : loaded 2 times (x 82B)
Class org.gradle.internal.time.TimeSource                                             : loaded 2 times (x 70B)
Class org.gradle.tooling.internal.gradle.GradleBuildIdentity                          : loaded 2 times (x 70B)
Class kotlin.enums.EnumEntries                                                        : loaded 2 times (x 70B)
Class org.gradle.internal.exceptions.ResolutionProvider                               : loaded 2 times (x 70B)
Class jdk.internal.jimage.ImageBufferCache                                            : loaded 2 times (x 71B)
Class jdk.internal.jrtfs.JrtPath                                                      : loaded 2 times (x 118B)
Class org.gradle.tooling.model.ProjectIdentifier                                      : loaded 2 times (x 70B)
Class org.gradle.internal.classloader.ClasspathUtil                                   : loaded 2 times (x 71B)
Class org.gradle.internal.time.TimeSource$1                                           : loaded 2 times (x 77B)
Class kotlin.jvm.internal.DefaultConstructorMarker                                    : loaded 2 times (x 71B)
Class org.gradle.api.specs.Spec                                                       : loaded 2 times (x 70B)
Class jdk.internal.jimage.ImageReader$SharedImageReader$LocationVisitor               : loaded 2 times (x 70B)
Class jdk.internal.jimage.decompressor.ResourceDecompressorRepository                 : loaded 2 times (x 71B)
Class com.intellij.gradle.toolingExtension.impl.model.utilDummyModel.DummyModel       : loaded 2 times (x 70B)
Class org.gradle.internal.time.Clock                                                  : loaded 2 times (x 70B)
Class jdk.internal.jimage.ImageReader$Directory                                       : loaded 2 times (x 84B)
Class kotlin.collections.AbstractList                                                 : loaded 2 times (x 197B)
Class kotlin.collections.AbstractCollection                                           : loaded 2 times (x 117B)
Class org.gradle.internal.classloader.VisitableURLClassLoader$InstrumentingVisitableURLClassLoader: loaded 2 times (x 123B)
Class org.gradle.internal.classloader.VisitableURLClassLoader$Spec                    : loaded 2 times (x 74B)
Class org.gradle.internal.classpath.DefaultClassPath                                  : loaded 2 times (x 90B)
Class jdk.internal.jimage.decompressor.ZipDecompressorFactory                         : loaded 2 times (x 74B)
Class org.gradle.util.internal.DefaultGradleVersion                                   : loaded 2 times (x 82B)
Class org.gradle.internal.classloader.ClassLoaderSpec                                 : loaded 2 times (x 71B)
Class Settings_gradle$1$1                                                             : loaded 2 times (x 75B)
Class org.gradle.internal.classloader.VisitableURLClassLoader                         : loaded 2 times (x 117B)
Class Settings_gradle                                                                 : loaded 2 times (x 128B)
Class ijInit1_5ilxtldoag16jwt8knzdsqbd6                                               : loaded 2 times (x 179B)
Class jdk.internal.jimage.BasicImageReader                                            : loaded 2 times (x 95B)
Class org.gradle.internal.classloader.FilteringClassLoader                            : loaded 2 times (x 105B)
Class jdk.internal.jimage.decompressor.ZipDecompressor                                : loaded 2 times (x 75B)
Class org.gradle.internal.agents.InstrumentingClassLoader                             : loaded 2 times (x 70B)
Class org.gradle.internal.classpath.DefaultClassPath$ImmutableUniqueList$Builder      : loaded 2 times (x 75B)
Class org.gradle.tooling.model.Model                                                  : loaded 2 times (x 70B)
Class org.gradle.internal.exceptions.NonGradleCauseExceptionsHolder                   : loaded 2 times (x 70B)
Class jdk.internal.jimage.ImageStrings                                                : loaded 2 times (x 70B)
Class kotlin.NotImplementedError                                                      : loaded 2 times (x 82B)
Class kotlin.enums.EnumEntriesKt                                                      : loaded 2 times (x 71B)
Class org.gradle.internal.classloader.SystemClassLoaderSpec                           : loaded 2 times (x 71B)
Class org.gradle.internal.exceptions.MultiCauseException                              : loaded 2 times (x 70B)
Class org.gradle.internal.time.CountdownTimer                                         : loaded 2 times (x 70B)
Class kotlin.jvm.internal.Intrinsics                                                  : loaded 2 times (x 71B)
Class jdk.internal.jrtfs.JrtFileSystem                                                : loaded 2 times (x 102B)
Class org.gradle.tooling.model.ProjectModel                                           : loaded 2 times (x 70B)
Class jdk.internal.jimage.decompressor.CompressedResourceHeader                       : loaded 2 times (x 71B)
Class kotlin.KotlinNullPointerException                                               : loaded 2 times (x 83B)
Class org.gradle.internal.exceptions.DefaultMultiCauseException                       : loaded 2 times (x 95B)
Class com.google.common.base.Preconditions                                            : loaded 2 times (x 71B)
Class com.google.common.collect.PeekingIterator                                       : loaded 2 times (x 70B)
Class org.gradle.internal.time.Time                                                   : loaded 2 times (x 71B)
Class org.gradle.tooling.model.BuildIdentifier                                        : loaded 2 times (x 70B)
Class kotlin.NoWhenBranchMatchedException                                             : loaded 2 times (x 82B)
Class Settings_gradle$1$1$1                                                           : loaded 2 times (x 75B)
Class org.gradle.internal.time.Timer                                                  : loaded 2 times (x 70B)
Class kotlin.jvm.internal.markers.KMappedMarker                                       : loaded 2 times (x 70B)
Class org.gradle.internal.installation.CurrentGradleInstallationLocator               : loaded 2 times (x 71B)
Class com.google.common.collect.ImmutableList                                         : loaded 2 times (x 206B)
Class org.gradle.internal.service.DefaultServiceLocator                               : loaded 2 times (x 83B)
Class jdk.internal.jrtfs.JrtDirectoryStream                                           : loaded 2 times (x 89B)
Class org.gradle.util.GradleVersion                                                   : loaded 2 times (x 81B)
Class org.gradle.internal.installation.CurrentGradleInstallation                      : loaded 2 times (x 73B)
Class org.gradle.util.internal.GUtil                                                  : loaded 2 times (x 71B)
Class com.google.common.collect.Iterators$MergingIterator                             : loaded 2 times (x 81B)
Class org.gradle.internal.installation.GradleInstallation                             : loaded 2 times (x 75B)
Class jdk.internal.jimage.decompressor.ResourceDecompressor$StringsProvider           : loaded 2 times (x 70B)

---------------  S Y S T E M  ---------------

OS:
 Windows 10 , 64 bit Build 19041 (10.0.19041.5915)
OS uptime: 0 days 20:02 hours
Hyper-V role detected

CPU: total 4 (initial active 4) (2 cores per cpu, 2 threads per core) family 6 model 60 stepping 3 microcode 0x27, cx8, cmov, fxsr, ht, mmx, sse, sse2, sse3, ssse3, sse4.1, sse4.2, popcnt, lzcnt, tsc, tscinvbit, avx, avx2, aes, erms, clmul, bmi1, bmi2, fma, vzeroupper, clflush, hv, rdtscp, f16c
Processor Information for the first 4 processors :
  Max Mhz: 2500, Current Mhz: 2400, Mhz Limit: 2400

Memory: 4k page, system-wide physical 12196M (4266M free)
TotalPageFile size 27348M (AvailPageFile size 12M)
current process WorkingSet (physical memory assigned to process): 469M, peak: 474M
current process commit charge ("private bytes"): 513M, peak: 545M

vm_info: OpenJDK 64-Bit Server VM (21.0.9+-14787801-b1163.94) for windows-amd64 JRE (21.0.9+-14787801-b1163.94), built on 2026-01-27T21:15:44Z by "builder" with MS VC++ 16.10 / 16.11 (VS2019)

END.
