#
# There is insufficient memory for the Java Runtime Environment to continue.
# Native memory allocation (malloc) failed to allocate 32744 bytes. Error detail: Chunk::new
# Possible reasons:
#   The system is out of physical RAM or swap space
#   This process is running with CompressedOops enabled, and the Java Heap may be blocking the growth of the native heap
# Possible solutions:
#   Reduce memory load on the system
#   Increase physical memory or swap space
#   Check if swap backing store is full
#   Decrease Java heap size (-Xmx/-Xms)
#   Decrease number of Java threads
#   Decrease Java thread stack sizes (-Xss)
#   Set larger code cache with -XX:ReservedCodeCacheSize=
#   JVM is running with Unscaled Compressed Oops mode in which the Java heap is
#     placed in the first 4GB address space. The Java Heap base address is the
#     maximum limit for the native heap growth. Please use -XX:HeapBaseMinAddress
#     to set the Java Heap base and to place the Java Heap above 4GB virtual address.
# This output file may be truncated or incomplete.
#
#  Out of Memory Error (arena.cpp:168), pid=14404, tid=12348
#
# JRE version: OpenJDK Runtime Environment (21.0.9) (build 21.0.9+-14787801-b1163.94)
# Java VM: OpenJDK 64-Bit Server VM (21.0.9+-14787801-b1163.94, mixed mode, tiered, compressed oops, compressed class ptrs, g1 gc, windows-amd64)
# No core dump will be written. Minidumps are not enabled by default on client versions of Windows
#

---------------  S U M M A R Y ------------

Command Line: --add-opens=java.base/java.util=ALL-UNNAMED --add-opens=java.base/java.lang=ALL-UNNAMED --add-opens=java.base/java.lang.invoke=ALL-UNNAMED --add-opens=java.prefs/java.util.prefs=ALL-UNNAMED --add-opens=java.base/java.nio.charset=ALL-UNNAMED --add-opens=java.base/java.net=ALL-UNNAMED --add-opens=java.base/java.util.concurrent.atomic=ALL-UNNAMED -Xmx2048m -Dfile.encoding=UTF-8 -Duser.country=LU -Duser.language=fr -Duser.variant -javaagent:C:\Users\Tortue\.gradle\wrapper\dists\gradle-8.7-bin\bhs2wmbdwecv87pi65oeuq5iu\gradle-8.7\lib\agents\gradle-instrumentation-agent-8.7.jar org.gradle.launcher.daemon.bootstrap.GradleDaemon 8.7

Host: Intel(R) Core(TM) i3-4100M CPU @ 2.50GHz, 4 cores, 11G,  Windows 10 , 64 bit Build 19041 (10.0.19041.5915)
Time: Sun May 10 16:41:30 2026 elapsed time: 48.989417 seconds (0d 0h 0m 48s)

---------------  T H R E A D  ---------------

Current thread (0x0000021d9e7bc820):  JavaThread "C1 CompilerThread0" daemon [_thread_in_native, id=12348, stack(0x0000006b5eb00000,0x0000006b5ec00000) (1024K)]


Current CompileTask:
C1:48989 17805       2       com.android.tools.r8.dex.code.Y3::<init> (7 bytes)

Stack: [0x0000006b5eb00000,0x0000006b5ec00000]
Native frames: (J=compiled Java code, j=interpreted, Vv=VM code, C=native code)
V  [jvm.dll+0x6d6c99]
V  [jvm.dll+0x866b83]
V  [jvm.dll+0x8691ae]
V  [jvm.dll+0x869893]
V  [jvm.dll+0x280776]
V  [jvm.dll+0xc07cd]
V  [jvm.dll+0xc0d03]
V  [jvm.dll+0x2823c0]
V  [jvm.dll+0x151252]
V  [jvm.dll+0x1506cf]
V  [jvm.dll+0x152491]
V  [jvm.dll+0x2581ae]
V  [jvm.dll+0x2566f6]
V  [jvm.dll+0x3f48a6]
V  [jvm.dll+0x80f118]
V  [jvm.dll+0x6d54ed]
C  [ucrtbase.dll+0x21bb2]
C  [KERNEL32.DLL+0x17374]
C  [ntdll.dll+0x4cc91]


---------------  P R O C E S S  ---------------

Threads class SMR info:
_java_thread_list=0x0000021da5c1f840, length=97, elements={
0x0000021d87722e80, 0x0000021d9e75ef90, 0x0000021d9e763b30, 0x0000021d9e764d30,
0x0000021d9e76f090, 0x0000021d9e77ce50, 0x0000021d9e788a50, 0x0000021d9e789c50,
0x0000021d9e7ad5a0, 0x0000021d9e7bc820, 0x0000021d9ea3bd30, 0x0000021da4c2b030,
0x0000021da4de45e0, 0x0000021da509d130, 0x0000021da4e6d030, 0x0000021da4e6d6a0,
0x0000021da4cd4f30, 0x0000021da4ced600, 0x0000021da3dd0660, 0x0000021da3dce590,
0x0000021da3dcffd0, 0x0000021da3dcdf00, 0x0000021da3dcec20, 0x0000021da3dcf2b0,
0x0000021da3dcf940, 0x0000021da532fe80, 0x0000021da5330510, 0x0000021da53318c0,
0x0000021da5331230, 0x0000021da532afc0, 0x0000021da5331f50, 0x0000021da532bce0,
0x0000021da532c370, 0x0000021da532ddb0, 0x0000021da532d720, 0x0000021da532ead0,
0x0000021da532f7f0, 0x0000021da532f160, 0x0000021d9e94ffb0, 0x0000021d9e94b780,
0x0000021d9e94dee0, 0x0000021d9e950640, 0x0000021d9e94d1c0, 0x0000021d9e9519f0,
0x0000021d9e94d850, 0x0000021d9e94ec00, 0x0000021d9e951360, 0x0000021da645ac60,
0x0000021da6bca690, 0x0000021d9e952080, 0x0000021da7852c80, 0x0000021da7853310,
0x0000021da7851240, 0x0000021da78539a0, 0x0000021da78525f0, 0x0000021da78518d0,
0x0000021da7854030, 0x0000021da784e450, 0x0000021da7850bb0, 0x0000021da78546c0,
0x0000021da784eae0, 0x0000021da7850520, 0x0000021da7854d50, 0x0000021da7855a70,
0x0000021da784f800, 0x0000021da784f170, 0x0000021da54e24c0, 0x0000021da8843550,
0x0000021da8841480, 0x0000021da8842830, 0x0000021da88400d0, 0x0000021da8841b10,
0x0000021da8842ec0, 0x0000021da54e31e0, 0x0000021da54de320, 0x0000021da54dc8e0,
0x0000021da54e0a80, 0x0000021da54e3f00, 0x0000021da54dd600, 0x0000021da54ddc90,
0x0000021da54e1110, 0x0000021da54df040, 0x0000021da54e17a0, 0x0000021da54e1e30,
0x0000021da6bc7210, 0x0000021da6bc92e0, 0x0000021da6bc64f0, 0x0000021da6bc4ab0,
0x0000021da6bc3070, 0x0000021da6bc3700, 0x0000021da7468380, 0x0000021da6bc3d90,
0x0000021daa923970, 0x0000021daa91f140, 0x0000021daa921210, 0x0000021daa924d20,
0x0000021daa924690
}

Java Threads: ( => current thread )
  0x0000021d87722e80 JavaThread "main"                              [_thread_blocked, id=6508, stack(0x0000006b5db00000,0x0000006b5dc00000) (1024K)]
  0x0000021d9e75ef90 JavaThread "Common-Cleaner"             daemon [_thread_blocked, id=10284, stack(0x0000006b5e300000,0x0000006b5e400000) (1024K)]
  0x0000021d9e763b30 JavaThread "Reference Handler"          daemon [_thread_blocked, id=7948, stack(0x0000006b5e400000,0x0000006b5e500000) (1024K)]
  0x0000021d9e764d30 JavaThread "Finalizer"                  daemon [_thread_blocked, id=7708, stack(0x0000006b5e500000,0x0000006b5e600000) (1024K)]
  0x0000021d9e76f090 JavaThread "Signal Dispatcher"          daemon [_thread_blocked, id=6688, stack(0x0000006b5e600000,0x0000006b5e700000) (1024K)]
  0x0000021d9e77ce50 JavaThread "Attach Listener"            daemon [_thread_blocked, id=3044, stack(0x0000006b5e700000,0x0000006b5e800000) (1024K)]
  0x0000021d9e788a50 JavaThread "Service Thread"             daemon [_thread_blocked, id=8156, stack(0x0000006b5e800000,0x0000006b5e900000) (1024K)]
  0x0000021d9e789c50 JavaThread "Monitor Deflation Thread"   daemon [_thread_blocked, id=632, stack(0x0000006b5e900000,0x0000006b5ea00000) (1024K)]
  0x0000021d9e7ad5a0 JavaThread "C2 CompilerThread0"         daemon [_thread_in_native, id=11944, stack(0x0000006b5ea00000,0x0000006b5eb00000) (1024K)]
=>0x0000021d9e7bc820 JavaThread "C1 CompilerThread0"         daemon [_thread_in_native, id=12348, stack(0x0000006b5eb00000,0x0000006b5ec00000) (1024K)]
  0x0000021d9ea3bd30 JavaThread "Notification Thread"        daemon [_thread_blocked, id=10732, stack(0x0000006b5ec00000,0x0000006b5ed00000) (1024K)]
  0x0000021da4c2b030 JavaThread "Daemon health stats"               [_thread_blocked, id=13364, stack(0x0000006b5f100000,0x0000006b5f200000) (1024K)]
  0x0000021da4de45e0 JavaThread "Incoming local TCP Connector on port 51626"        [_thread_in_native, id=12472, stack(0x0000006b5f200000,0x0000006b5f300000) (1024K)]
  0x0000021da509d130 JavaThread "Daemon periodic checks"            [_thread_blocked, id=6676, stack(0x0000006b5f300000,0x0000006b5f400000) (1024K)]
  0x0000021da4e6d030 JavaThread "Daemon"                            [_thread_blocked, id=13492, stack(0x0000006b5ed00000,0x0000006b5ee00000) (1024K)]
  0x0000021da4e6d6a0 JavaThread "Handler for socket connection from /127.0.0.1:51626 to /127.0.0.1:51628"        [_thread_in_native, id=6260, stack(0x0000006b5f400000,0x0000006b5f500000) (1024K)]
  0x0000021da4cd4f30 JavaThread "Cancel handler"                    [_thread_blocked, id=9712, stack(0x0000006b5f500000,0x0000006b5f600000) (1024K)]
  0x0000021da4ced600 JavaThread "Daemon worker"                     [_thread_blocked, id=11868, stack(0x0000006b5f600000,0x0000006b5f700000) (1024K)]
  0x0000021da3dd0660 JavaThread "Asynchronous log dispatcher for DefaultDaemonConnection: socket connection from /127.0.0.1:51626 to /127.0.0.1:51628"        [_thread_in_vm, id=10236, stack(0x0000006b5f700000,0x0000006b5f800000) (1024K)]
  0x0000021da3dce590 JavaThread "Stdin handler"                     [_thread_blocked, id=11908, stack(0x0000006b5f800000,0x0000006b5f900000) (1024K)]
  0x0000021da3dcffd0 JavaThread "Daemon client event forwarder"        [_thread_blocked, id=14212, stack(0x0000006b5f900000,0x0000006b5fa00000) (1024K)]
  0x0000021da3dcdf00 JavaThread "Cache worker for journal cache (C:\Users\Tortue\.gradle\caches\journal-1)"        [_thread_blocked, id=9100, stack(0x0000006b5fa00000,0x0000006b5fb00000) (1024K)]
  0x0000021da3dcec20 JavaThread "File lock request listener"        [_thread_in_native, id=14760, stack(0x0000006b5fb00000,0x0000006b5fc00000) (1024K)]
  0x0000021da3dcf2b0 JavaThread "Cache worker for file hash cache (C:\Users\Tortue\.gradle\caches\8.7\fileHashes)"        [_thread_blocked, id=14996, stack(0x0000006b5fc00000,0x0000006b5fd00000) (1024K)]
  0x0000021da3dcf940 JavaThread "Cache worker for file hash cache (E:\M1 Projet 2025\Kajimbatsiko\.gradle\8.7\fileHashes)"        [_thread_blocked, id=14540, stack(0x0000006b5fe00000,0x0000006b5ff00000) (1024K)]
  0x0000021da532fe80 JavaThread "File watcher server"        daemon [_thread_in_native, id=10528, stack(0x0000006b5ff00000,0x0000006b60000000) (1024K)]
  0x0000021da5330510 JavaThread "File watcher consumer"      daemon [_thread_in_native, id=12864, stack(0x0000006b60000000,0x0000006b60100000) (1024K)]
  0x0000021da53318c0 JavaThread "Cache worker for checksums cache (E:\M1 Projet 2025\Kajimbatsiko\.gradle\8.7\checksums)"        [_thread_blocked, id=5872, stack(0x0000006b60100000,0x0000006b60200000) (1024K)]
  0x0000021da5331230 JavaThread "Cache worker for cache directory md-supplier (C:\Users\Tortue\.gradle\caches\8.7\md-supplier)"        [_thread_blocked, id=9804, stack(0x0000006b60200000,0x0000006b60300000) (1024K)]
  0x0000021da532afc0 JavaThread "Cache worker for cache directory md-rule (C:\Users\Tortue\.gradle\caches\8.7\md-rule)"        [_thread_blocked, id=8848, stack(0x0000006b60300000,0x0000006b60400000) (1024K)]
  0x0000021da5331f50 JavaThread "Cache worker for file content cache (C:\Users\Tortue\.gradle\caches\8.7\fileContent)"        [_thread_blocked, id=8252, stack(0x0000006b60400000,0x0000006b60500000) (1024K)]
  0x0000021da532bce0 JavaThread "jar transforms"                    [_thread_blocked, id=5304, stack(0x0000006b60500000,0x0000006b60600000) (1024K)]
  0x0000021da532c370 JavaThread "jar transforms Thread 2"           [_thread_blocked, id=9432, stack(0x0000006b60600000,0x0000006b60700000) (1024K)]
  0x0000021da532ddb0 JavaThread "jar transforms Thread 3"           [_thread_blocked, id=9536, stack(0x0000006b60700000,0x0000006b60800000) (1024K)]
  0x0000021da532d720 JavaThread "Unconstrained build operations"        [_thread_blocked, id=11484, stack(0x0000006b60800000,0x0000006b60900000) (1024K)]
  0x0000021da532ead0 JavaThread "Unconstrained build operations Thread 2"        [_thread_blocked, id=1556, stack(0x0000006b60900000,0x0000006b60a00000) (1024K)]
  0x0000021da532f7f0 JavaThread "Unconstrained build operations Thread 3"        [_thread_blocked, id=12308, stack(0x0000006b60a00000,0x0000006b60b00000) (1024K)]
  0x0000021da532f160 JavaThread "jar transforms Thread 4"           [_thread_blocked, id=9892, stack(0x0000006b60b00000,0x0000006b60c00000) (1024K)]
  0x0000021d9e94ffb0 JavaThread "Cache worker for Build Output Cleanup Cache (E:\M1 Projet 2025\Kajimbatsiko\.gradle\buildOutputCleanup)"        [_thread_blocked, id=7928, stack(0x0000006b60c00000,0x0000006b60d00000) (1024K)]
  0x0000021d9e94b780 JavaThread "Unconstrained build operations Thread 4"        [_thread_blocked, id=10704, stack(0x0000006b60d00000,0x0000006b60e00000) (1024K)]
  0x0000021d9e94dee0 JavaThread "Unconstrained build operations Thread 5"        [_thread_blocked, id=6280, stack(0x0000006b60e00000,0x0000006b60f00000) (1024K)]
  0x0000021d9e950640 JavaThread "Unconstrained build operations Thread 6"        [_thread_blocked, id=7024, stack(0x0000006b60f00000,0x0000006b61000000) (1024K)]
  0x0000021d9e94d1c0 JavaThread "Unconstrained build operations Thread 7"        [_thread_blocked, id=76, stack(0x0000006b61000000,0x0000006b61100000) (1024K)]
  0x0000021d9e9519f0 JavaThread "Unconstrained build operations Thread 8"        [_thread_blocked, id=9864, stack(0x0000006b61100000,0x0000006b61200000) (1024K)]
  0x0000021d9e94d850 JavaThread "Unconstrained build operations Thread 9"        [_thread_blocked, id=1268, stack(0x0000006b61200000,0x0000006b61300000) (1024K)]
  0x0000021d9e94ec00 JavaThread "build event listener"              [_thread_blocked, id=13936, stack(0x0000006b61300000,0x0000006b61400000) (1024K)]
  0x0000021d9e951360 JavaThread "Memory manager"                    [_thread_blocked, id=13460, stack(0x0000006b61400000,0x0000006b61500000) (1024K)]
  0x0000021da645ac60 JavaThread "C2 CompilerThread1"         daemon [_thread_in_native, id=11972, stack(0x0000006b5fd00000,0x0000006b5fe00000) (1024K)]
  0x0000021da6bca690 JavaThread "pool-3-thread-1"                   [_thread_blocked, id=8696, stack(0x0000006b61500000,0x0000006b61600000) (1024K)]
  0x0000021d9e952080 JavaThread "build event listener"              [_thread_blocked, id=7400, stack(0x0000006b61600000,0x0000006b61700000) (1024K)]
  0x0000021da7852c80 JavaThread "included builds"                   [_thread_blocked, id=984, stack(0x0000006b61700000,0x0000006b61800000) (1024K)]
  0x0000021da7853310 JavaThread "Execution worker"                  [_thread_blocked, id=9488, stack(0x0000006b61800000,0x0000006b61900000) (1024K)]
  0x0000021da7851240 JavaThread "Execution worker Thread 2"         [_thread_blocked, id=4916, stack(0x0000006b61900000,0x0000006b61a00000) (1024K)]
  0x0000021da78539a0 JavaThread "Execution worker Thread 3"         [_thread_blocked, id=11344, stack(0x0000006b61a00000,0x0000006b61b00000) (1024K)]
  0x0000021da78525f0 JavaThread "Cache worker for execution history cache (E:\M1 Projet 2025\Kajimbatsiko\.gradle\8.7\executionHistory)"        [_thread_blocked, id=12964, stack(0x0000006b61b00000,0x0000006b61c00000) (1024K)]
  0x0000021da78518d0 JavaThread "Unconstrained build operations Thread 10"        [_thread_blocked, id=5360, stack(0x0000006b61c00000,0x0000006b61d00000) (1024K)]
  0x0000021da7854030 JavaThread "Unconstrained build operations Thread 11"        [_thread_blocked, id=13560, stack(0x0000006b61d00000,0x0000006b61e00000) (1024K)]
  0x0000021da784e450 JavaThread "Unconstrained build operations Thread 12"        [_thread_blocked, id=676, stack(0x0000006b61e00000,0x0000006b61f00000) (1024K)]
  0x0000021da7850bb0 JavaThread "WorkerExecutor Queue"              [_thread_blocked, id=5480, stack(0x0000006b61f00000,0x0000006b62000000) (1024K)]
  0x0000021da78546c0 JavaThread "Unconstrained build operations Thread 13"        [_thread_blocked, id=14156, stack(0x0000006b62000000,0x0000006b62100000) (1024K)]
  0x0000021da784eae0 JavaThread "Unconstrained build operations Thread 14"        [_thread_blocked, id=3020, stack(0x0000006b62100000,0x0000006b62200000) (1024K)]
  0x0000021da7850520 JavaThread "Unconstrained build operations Thread 15"        [_thread_blocked, id=13256, stack(0x0000006b62200000,0x0000006b62300000) (1024K)]
  0x0000021da7854d50 JavaThread "WorkerExecutor Queue Thread 2"        [_thread_blocked, id=11252, stack(0x0000006b5d800000,0x0000006b5d900000) (1024K)]
  0x0000021da7855a70 JavaThread "Unconstrained build operations Thread 16"        [_thread_blocked, id=15316, stack(0x0000006b62300000,0x0000006b62400000) (1024K)]
  0x0000021da784f800 JavaThread "Unconstrained build operations Thread 17"        [_thread_blocked, id=14068, stack(0x0000006b62400000,0x0000006b62500000) (1024K)]
  0x0000021da784f170 JavaThread "Unconstrained build operations Thread 18"        [_thread_blocked, id=2224, stack(0x0000006b62500000,0x0000006b62600000) (1024K)]
  0x0000021da54e24c0 JavaThread "WorkerExecutor Queue Thread 3"        [_thread_blocked, id=13868, stack(0x0000006b62600000,0x0000006b62700000) (1024K)]
  0x0000021da8843550 JavaThread "Unconstrained build operations Thread 19"        [_thread_blocked, id=3812, stack(0x0000006b62800000,0x0000006b62900000) (1024K)]
  0x0000021da8841480 JavaThread "Unconstrained build operations Thread 20"        [_thread_blocked, id=13912, stack(0x0000006b62900000,0x0000006b62a00000) (1024K)]
  0x0000021da8842830 JavaThread "Unconstrained build operations Thread 21"        [_thread_blocked, id=15180, stack(0x0000006b62a00000,0x0000006b62b00000) (1024K)]
  0x0000021da88400d0 JavaThread "Unconstrained build operations Thread 22"        [_thread_blocked, id=12880, stack(0x0000006b62b00000,0x0000006b62c00000) (1024K)]
  0x0000021da8841b10 JavaThread "Unconstrained build operations Thread 23"        [_thread_blocked, id=4116, stack(0x0000006b62c00000,0x0000006b62d00000) (1024K)]
  0x0000021da8842ec0 JavaThread "Unconstrained build operations Thread 24"        [_thread_blocked, id=11996, stack(0x0000006b62d00000,0x0000006b62e00000) (1024K)]
  0x0000021da54e31e0 JavaThread "Unconstrained build operations Thread 25"        [_thread_blocked, id=12636, stack(0x0000006b62e00000,0x0000006b62f00000) (1024K)]
  0x0000021da54de320 JavaThread "Unconstrained build operations Thread 26"        [_thread_blocked, id=8460, stack(0x0000006b62f00000,0x0000006b63000000) (1024K)]
  0x0000021da54dc8e0 JavaThread "Unconstrained build operations Thread 27"        [_thread_blocked, id=6472, stack(0x0000006b63000000,0x0000006b63100000) (1024K)]
  0x0000021da54e0a80 JavaThread "Unconstrained build operations Thread 28"        [_thread_blocked, id=980, stack(0x0000006b63100000,0x0000006b63200000) (1024K)]
  0x0000021da54e3f00 JavaThread "Unconstrained build operations Thread 29"        [_thread_blocked, id=11648, stack(0x0000006b63200000,0x0000006b63300000) (1024K)]
  0x0000021da54dd600 JavaThread "Unconstrained build operations Thread 30"        [_thread_blocked, id=11804, stack(0x0000006b63300000,0x0000006b63400000) (1024K)]
  0x0000021da54ddc90 JavaThread "Unconstrained build operations Thread 31"        [_thread_blocked, id=680, stack(0x0000006b63400000,0x0000006b63500000) (1024K)]
  0x0000021da54e1110 JavaThread "WorkerExecutor Queue Thread 5"        [_thread_blocked, id=14280, stack(0x0000006b63500000,0x0000006b63600000) (1024K)]
  0x0000021da54df040 JavaThread "Unconstrained build operations Thread 32"        [_thread_blocked, id=6096, stack(0x0000006b63600000,0x0000006b63700000) (1024K)]
  0x0000021da54e17a0 JavaThread "Unconstrained build operations Thread 33"        [_thread_blocked, id=7636, stack(0x0000006b63700000,0x0000006b63800000) (1024K)]
  0x0000021da54e1e30 JavaThread "Unconstrained build operations Thread 34"        [_thread_blocked, id=1912, stack(0x0000006b63800000,0x0000006b63900000) (1024K)]
  0x0000021da6bc7210 JavaThread "Unconstrained build operations Thread 35"        [_thread_blocked, id=13532, stack(0x0000006b63900000,0x0000006b63a00000) (1024K)]
  0x0000021da6bc92e0 JavaThread "Unconstrained build operations Thread 36"        [_thread_blocked, id=5300, stack(0x0000006b63a00000,0x0000006b63b00000) (1024K)]
  0x0000021da6bc64f0 JavaThread "Unconstrained build operations Thread 37"        [_thread_blocked, id=10148, stack(0x0000006b63b00000,0x0000006b63c00000) (1024K)]
  0x0000021da6bc4ab0 JavaThread "Unconstrained build operations Thread 38"        [_thread_blocked, id=5328, stack(0x0000006b63c00000,0x0000006b63d00000) (1024K)]
  0x0000021da6bc3070 JavaThread "Unconstrained build operations Thread 39"        [_thread_blocked, id=2268, stack(0x0000006b63d00000,0x0000006b63e00000) (1024K)]
  0x0000021da6bc3700 JavaThread "Unconstrained build operations Thread 40"        [_thread_blocked, id=6716, stack(0x0000006b63e00000,0x0000006b63f00000) (1024K)]
  0x0000021da7468380 JavaThread "pool-4-thread-1"                   [_thread_blocked, id=11160, stack(0x0000006b63f00000,0x0000006b64000000) (1024K)]
  0x0000021da6bc3d90 JavaThread "stderr"                            [_thread_in_native, id=14832, stack(0x0000006b64000000,0x0000006b64100000) (1024K)]
  0x0000021daa923970 JavaThread "stdout"                            [_thread_in_native, id=4676, stack(0x0000006b64100000,0x0000006b64200000) (1024K)]
  0x0000021daa91f140 JavaThread "ForkJoinPool-1-worker-1"    daemon [_thread_in_Java, id=9368, stack(0x0000006b62700000,0x0000006b62800000) (1024K)]
  0x0000021daa921210 JavaThread "ForkJoinPool-1-worker-2"    daemon [_thread_blocked, id=10844, stack(0x0000006b64200000,0x0000006b64300000) (1024K)]
  0x0000021daa924d20 JavaThread "ForkJoinPool-1-worker-3"    daemon [_thread_in_Java, id=12280, stack(0x0000006b64300000,0x0000006b64400000) (1024K)]
  0x0000021daa924690 JavaThread "ForkJoinPool-1-worker-4"    daemon [_thread_in_vm, id=14232, stack(0x0000006b64400000,0x0000006b64500000) (1024K)]
Total: 97

Other Threads:
  0x0000021d9e71b630 VMThread "VM Thread"                           [id=15276, stack(0x0000006b5e200000,0x0000006b5e300000) (1024K)] _threads_hazard_ptr=0x0000021da5c1f840
  0x0000021d9e54e150 WatcherThread "VM Periodic Task Thread"        [id=2960, stack(0x0000006b5e100000,0x0000006b5e200000) (1024K)]
  0x0000021d8553afb0 WorkerThread "GC Thread#0"                     [id=10628, stack(0x0000006b5dc00000,0x0000006b5dd00000) (1024K)]
  0x0000021da34ab220 WorkerThread "GC Thread#1"                     [id=1540, stack(0x0000006b5ee00000,0x0000006b5ef00000) (1024K)]
  0x0000021da34ab5c0 WorkerThread "GC Thread#2"                     [id=5844, stack(0x0000006b5ef00000,0x0000006b5f000000) (1024K)]
  0x0000021da31df3c0 WorkerThread "GC Thread#3"                     [id=14048, stack(0x0000006b5f000000,0x0000006b5f100000) (1024K)]
  0x0000021d877863b0 ConcurrentGCThread "G1 Main Marker"            [id=14852, stack(0x0000006b5dd00000,0x0000006b5de00000) (1024K)]
  0x0000021d87787560 WorkerThread "G1 Conc#0"                       [id=8776, stack(0x0000006b5de00000,0x0000006b5df00000) (1024K)]
  0x0000021d9e423980 ConcurrentGCThread "G1 Refine#0"               [id=11920, stack(0x0000006b5df00000,0x0000006b5e000000) (1024K)]
  0x0000021d9e424400 ConcurrentGCThread "G1 Service"                [id=8976, stack(0x0000006b5e000000,0x0000006b5e100000) (1024K)]
Total: 10

Threads with active compile tasks:
C2 CompilerThread0  49031 17542       4       com.android.tools.r8.dex.code.N::a (3284 bytes)
C1 CompilerThread0  49031 17805       2       com.android.tools.r8.dex.code.Y3::<init> (7 bytes)
C2 CompilerThread1  49031 17700 %     4       com.android.tools.r8.dex.C::a @ 292 (997 bytes)
Total: 3

VM state: not at safepoint (normal execution)

VM Mutex/Monitor currently owned by a thread: None

Heap address: 0x0000000080000000, size: 2048 MB, Compressed Oops mode: 32-bit

CDS archive(s) not mapped
Compressed class space mapped at: 0x0000000100000000-0x0000000140000000, reserved size: 1073741824
Narrow klass base: 0x0000000000000000, Narrow klass shift: 3, Narrow klass range: 0x140000000

GC Precious Log:
 CardTable entry size: 512
 Card Set container configuration: InlinePtr #cards 5 size 8 Array Of Cards #cards 12 size 40 Howl #buckets 4 coarsen threshold 1843 Howl Bitmap #cards 512 size 80 coarsen threshold 460 Card regions per heap region 1 cards per card region 2048
 CPUs: 4 total, 4 available
 Memory: 12196M
 Large Page Support: Disabled
 NUMA Support: Disabled
 Compressed Oops: Enabled (32-bit)
 Heap Region Size: 1M
 Heap Min Capacity: 8M
 Heap Initial Capacity: 192M
 Heap Max Capacity: 2G
 Pre-touch: Disabled
 Parallel Workers: 4
 Concurrent Workers: 1
 Concurrent Refinement Workers: 4
 Periodic GC: Disabled

Heap:
 garbage-first heap   total 300032K, used 197632K [0x0000000080000000, 0x0000000100000000)
  region size 1024K, 24 young (24576K), 13 survivors (13312K)
 Metaspace       used 128017K, committed 130240K, reserved 1179648K
  class space    used 17537K, committed 18624K, reserved 1048576K

Heap Regions: E=young(eden), S=young(survivor), O=old, HS=humongous(starts), HC=humongous(continues), CS=collection set, F=free, TAMS=top-at-mark-start, PB=parsable bottom
|   0|0x0000000080000000, 0x0000000080100000, 0x0000000080100000|100%|HS|  |TAMS 0x0000000080000000| PB 0x0000000080000000| Complete 
|   1|0x0000000080100000, 0x0000000080200000, 0x0000000080200000|100%|HC|  |TAMS 0x0000000080100000| PB 0x0000000080100000| Complete 
|   2|0x0000000080200000, 0x0000000080300000, 0x0000000080300000|100%|HC|  |TAMS 0x0000000080200000| PB 0x0000000080200000| Complete 
|   3|0x0000000080300000, 0x0000000080400000, 0x0000000080400000|100%|HC|  |TAMS 0x0000000080300000| PB 0x0000000080300000| Complete 
|   4|0x0000000080400000, 0x0000000080500000, 0x0000000080500000|100%| O|  |TAMS 0x0000000080400000| PB 0x0000000080400000| Untracked 
|   5|0x0000000080500000, 0x0000000080600000, 0x0000000080600000|100%| O|  |TAMS 0x0000000080500000| PB 0x0000000080500000| Untracked 
|   6|0x0000000080600000, 0x0000000080700000, 0x0000000080700000|100%| O|  |TAMS 0x0000000080600000| PB 0x0000000080600000| Untracked 
|   7|0x0000000080700000, 0x0000000080800000, 0x0000000080800000|100%| O|  |TAMS 0x0000000080700000| PB 0x0000000080700000| Untracked 
|   8|0x0000000080800000, 0x0000000080900000, 0x0000000080900000|100%| O|  |TAMS 0x0000000080800000| PB 0x0000000080800000| Untracked 
|   9|0x0000000080900000, 0x0000000080a00000, 0x0000000080a00000|100%| O|  |TAMS 0x0000000080900000| PB 0x0000000080900000| Untracked 
|  10|0x0000000080a00000, 0x0000000080b00000, 0x0000000080b00000|100%| O|  |TAMS 0x0000000080a00000| PB 0x0000000080a00000| Untracked 
|  11|0x0000000080b00000, 0x0000000080c00000, 0x0000000080c00000|100%| O|  |TAMS 0x0000000080b00000| PB 0x0000000080b00000| Untracked 
|  12|0x0000000080c00000, 0x0000000080d00000, 0x0000000080d00000|100%| O|  |TAMS 0x0000000080c00000| PB 0x0000000080c00000| Untracked 
|  13|0x0000000080d00000, 0x0000000080e00000, 0x0000000080e00000|100%| O|  |TAMS 0x0000000080d00000| PB 0x0000000080d00000| Untracked 
|  14|0x0000000080e00000, 0x0000000080f00000, 0x0000000080f00000|100%| O|  |TAMS 0x0000000080e00000| PB 0x0000000080e00000| Untracked 
|  15|0x0000000080f00000, 0x0000000081000000, 0x0000000081000000|100%| O|  |TAMS 0x0000000080f00000| PB 0x0000000080f00000| Untracked 
|  16|0x0000000081000000, 0x0000000081100000, 0x0000000081100000|100%| O|  |TAMS 0x0000000081000000| PB 0x0000000081000000| Untracked 
|  17|0x0000000081100000, 0x0000000081200000, 0x0000000081200000|100%| O|  |TAMS 0x0000000081100000| PB 0x0000000081100000| Untracked 
|  18|0x0000000081200000, 0x0000000081300000, 0x0000000081300000|100%| O|  |TAMS 0x0000000081200000| PB 0x0000000081200000| Untracked 
|  19|0x0000000081300000, 0x0000000081400000, 0x0000000081400000|100%| O|  |TAMS 0x0000000081300000| PB 0x0000000081300000| Untracked 
|  20|0x0000000081400000, 0x0000000081500000, 0x0000000081500000|100%| O|  |TAMS 0x0000000081400000| PB 0x0000000081400000| Untracked 
|  21|0x0000000081500000, 0x0000000081600000, 0x0000000081600000|100%| O|  |TAMS 0x0000000081500000| PB 0x0000000081500000| Untracked 
|  22|0x0000000081600000, 0x0000000081700000, 0x0000000081700000|100%| O|  |TAMS 0x0000000081600000| PB 0x0000000081600000| Untracked 
|  23|0x0000000081700000, 0x0000000081800000, 0x0000000081800000|100%| O|  |TAMS 0x0000000081700000| PB 0x0000000081700000| Untracked 
|  24|0x0000000081800000, 0x0000000081900000, 0x0000000081900000|100%| O|  |TAMS 0x0000000081800000| PB 0x0000000081800000| Untracked 
|  25|0x0000000081900000, 0x0000000081a00000, 0x0000000081a00000|100%| O|  |TAMS 0x0000000081900000| PB 0x0000000081900000| Untracked 
|  26|0x0000000081a00000, 0x0000000081b00000, 0x0000000081b00000|100%|HS|  |TAMS 0x0000000081a00000| PB 0x0000000081a00000| Complete 
|  27|0x0000000081b00000, 0x0000000081c00000, 0x0000000081c00000|100%|HC|  |TAMS 0x0000000081b00000| PB 0x0000000081b00000| Complete 
|  28|0x0000000081c00000, 0x0000000081d00000, 0x0000000081d00000|100%| O|  |TAMS 0x0000000081c00000| PB 0x0000000081c00000| Untracked 
|  29|0x0000000081d00000, 0x0000000081e00000, 0x0000000081e00000|100%|HS|  |TAMS 0x0000000081d00000| PB 0x0000000081d00000| Complete 
|  30|0x0000000081e00000, 0x0000000081f00000, 0x0000000081f00000|100%|HS|  |TAMS 0x0000000081e00000| PB 0x0000000081e00000| Complete 
|  31|0x0000000081f00000, 0x0000000082000000, 0x0000000082000000|100%| O|  |TAMS 0x0000000081f00000| PB 0x0000000081f00000| Untracked 
|  32|0x0000000082000000, 0x0000000082100000, 0x0000000082100000|100%| O|  |TAMS 0x0000000082000000| PB 0x0000000082000000| Untracked 
|  33|0x0000000082100000, 0x0000000082200000, 0x0000000082200000|100%| O|  |TAMS 0x0000000082100000| PB 0x0000000082100000| Untracked 
|  34|0x0000000082200000, 0x0000000082300000, 0x0000000082300000|100%| O|  |TAMS 0x0000000082200000| PB 0x0000000082200000| Untracked 
|  35|0x0000000082300000, 0x0000000082400000, 0x0000000082400000|100%| O|  |TAMS 0x0000000082300000| PB 0x0000000082300000| Untracked 
|  36|0x0000000082400000, 0x0000000082500000, 0x0000000082500000|100%| O|  |TAMS 0x0000000082400000| PB 0x0000000082400000| Untracked 
|  37|0x0000000082500000, 0x0000000082600000, 0x0000000082600000|100%| O|  |TAMS 0x0000000082500000| PB 0x0000000082500000| Untracked 
|  38|0x0000000082600000, 0x0000000082700000, 0x0000000082700000|100%| O|  |TAMS 0x0000000082600000| PB 0x0000000082600000| Untracked 
|  39|0x0000000082700000, 0x0000000082800000, 0x0000000082800000|100%| O|  |TAMS 0x0000000082700000| PB 0x0000000082700000| Untracked 
|  40|0x0000000082800000, 0x0000000082900000, 0x0000000082900000|100%| O|  |TAMS 0x0000000082800000| PB 0x0000000082800000| Untracked 
|  41|0x0000000082900000, 0x0000000082a00000, 0x0000000082a00000|100%| O|  |TAMS 0x0000000082900000| PB 0x0000000082900000| Untracked 
|  42|0x0000000082a00000, 0x0000000082b00000, 0x0000000082b00000|100%|HS|  |TAMS 0x0000000082a00000| PB 0x0000000082a00000| Complete 
|  43|0x0000000082b00000, 0x0000000082c00000, 0x0000000082c00000|100%| O|  |TAMS 0x0000000082b00000| PB 0x0000000082b00000| Untracked 
|  44|0x0000000082c00000, 0x0000000082d00000, 0x0000000082d00000|100%|HS|  |TAMS 0x0000000082c00000| PB 0x0000000082c00000| Complete 
|  45|0x0000000082d00000, 0x0000000082e00000, 0x0000000082e00000|100%| O|  |TAMS 0x0000000082d00000| PB 0x0000000082d00000| Untracked 
|  46|0x0000000082e00000, 0x0000000082f00000, 0x0000000082f00000|100%|HS|  |TAMS 0x0000000082e00000| PB 0x0000000082e00000| Complete 
|  47|0x0000000082f00000, 0x0000000083000000, 0x0000000083000000|100%| O|  |TAMS 0x0000000082f00000| PB 0x0000000082f00000| Untracked 
|  48|0x0000000083000000, 0x0000000083100000, 0x0000000083100000|100%| O|  |TAMS 0x0000000083000000| PB 0x0000000083000000| Untracked 
|  49|0x0000000083100000, 0x0000000083200000, 0x0000000083200000|100%| O|  |TAMS 0x0000000083100000| PB 0x0000000083100000| Untracked 
|  50|0x0000000083200000, 0x0000000083300000, 0x0000000083300000|100%| O|  |TAMS 0x0000000083200000| PB 0x0000000083200000| Untracked 
|  51|0x0000000083300000, 0x0000000083400000, 0x0000000083400000|100%| O|  |TAMS 0x0000000083300000| PB 0x0000000083300000| Untracked 
|  52|0x0000000083400000, 0x0000000083500000, 0x0000000083500000|100%| O|  |TAMS 0x0000000083400000| PB 0x0000000083400000| Untracked 
|  53|0x0000000083500000, 0x0000000083600000, 0x0000000083600000|100%|HS|  |TAMS 0x0000000083500000| PB 0x0000000083500000| Complete 
|  54|0x0000000083600000, 0x0000000083700000, 0x0000000083700000|100%| O|  |TAMS 0x0000000083600000| PB 0x0000000083600000| Untracked 
|  55|0x0000000083700000, 0x0000000083800000, 0x0000000083800000|100%| O|  |TAMS 0x0000000083700000| PB 0x0000000083700000| Untracked 
|  56|0x0000000083800000, 0x0000000083900000, 0x0000000083900000|100%| O|  |TAMS 0x0000000083800000| PB 0x0000000083800000| Untracked 
|  57|0x0000000083900000, 0x0000000083a00000, 0x0000000083a00000|100%| O|  |TAMS 0x0000000083900000| PB 0x0000000083900000| Untracked 
|  58|0x0000000083a00000, 0x0000000083b00000, 0x0000000083b00000|100%|HS|  |TAMS 0x0000000083a00000| PB 0x0000000083a00000| Complete 
|  59|0x0000000083b00000, 0x0000000083c00000, 0x0000000083c00000|100%| O|  |TAMS 0x0000000083b00000| PB 0x0000000083b00000| Untracked 
|  60|0x0000000083c00000, 0x0000000083d00000, 0x0000000083d00000|100%| O|  |TAMS 0x0000000083c00000| PB 0x0000000083c00000| Untracked 
|  61|0x0000000083d00000, 0x0000000083e00000, 0x0000000083e00000|100%| O|  |TAMS 0x0000000083d00000| PB 0x0000000083d00000| Untracked 
|  62|0x0000000083e00000, 0x0000000083f00000, 0x0000000083f00000|100%| O|  |TAMS 0x0000000083e00000| PB 0x0000000083e00000| Untracked 
|  63|0x0000000083f00000, 0x0000000084000000, 0x0000000084000000|100%| O|  |TAMS 0x0000000083f00000| PB 0x0000000083f00000| Untracked 
|  64|0x0000000084000000, 0x0000000084100000, 0x0000000084100000|100%| O|  |TAMS 0x0000000084000000| PB 0x0000000084000000| Untracked 
|  65|0x0000000084100000, 0x0000000084200000, 0x0000000084200000|100%|HS|  |TAMS 0x0000000084100000| PB 0x0000000084100000| Complete 
|  66|0x0000000084200000, 0x0000000084200000, 0x0000000084300000|  0%| F|  |TAMS 0x0000000084200000| PB 0x0000000084200000| Untracked 
|  67|0x0000000084300000, 0x0000000084400000, 0x0000000084400000|100%| O|  |TAMS 0x0000000084300000| PB 0x0000000084300000| Untracked 
|  68|0x0000000084400000, 0x0000000084500000, 0x0000000084500000|100%|HS|  |TAMS 0x0000000084400000| PB 0x0000000084400000| Complete 
|  69|0x0000000084500000, 0x0000000084600000, 0x0000000084600000|100%| O|  |TAMS 0x0000000084500000| PB 0x0000000084500000| Untracked 
|  70|0x0000000084600000, 0x0000000084700000, 0x0000000084700000|100%| O|  |TAMS 0x0000000084600000| PB 0x0000000084600000| Untracked 
|  71|0x0000000084700000, 0x0000000084800000, 0x0000000084800000|100%| O|  |TAMS 0x0000000084700000| PB 0x0000000084700000| Untracked 
|  72|0x0000000084800000, 0x0000000084900000, 0x0000000084900000|100%| O|  |TAMS 0x0000000084800000| PB 0x0000000084800000| Untracked 
|  73|0x0000000084900000, 0x0000000084a00000, 0x0000000084a00000|100%| O|  |TAMS 0x0000000084900000| PB 0x0000000084900000| Untracked 
|  74|0x0000000084a00000, 0x0000000084b00000, 0x0000000084b00000|100%| O|  |TAMS 0x0000000084a00000| PB 0x0000000084a00000| Untracked 
|  75|0x0000000084b00000, 0x0000000084c00000, 0x0000000084c00000|100%| O|  |TAMS 0x0000000084b00000| PB 0x0000000084b00000| Untracked 
|  76|0x0000000084c00000, 0x0000000084d00000, 0x0000000084d00000|100%| O|  |TAMS 0x0000000084c00000| PB 0x0000000084c00000| Untracked 
|  77|0x0000000084d00000, 0x0000000084e00000, 0x0000000084e00000|100%| O|  |TAMS 0x0000000084d00000| PB 0x0000000084d00000| Untracked 
|  78|0x0000000084e00000, 0x0000000084f00000, 0x0000000084f00000|100%| O|  |TAMS 0x0000000084e00000| PB 0x0000000084e00000| Untracked 
|  79|0x0000000084f00000, 0x0000000085000000, 0x0000000085000000|100%| O|  |TAMS 0x0000000084f00000| PB 0x0000000084f00000| Untracked 
|  80|0x0000000085000000, 0x0000000085100000, 0x0000000085100000|100%| O|  |TAMS 0x0000000085000000| PB 0x0000000085000000| Untracked 
|  81|0x0000000085100000, 0x0000000085200000, 0x0000000085200000|100%| O|  |TAMS 0x0000000085100000| PB 0x0000000085100000| Untracked 
|  82|0x0000000085200000, 0x0000000085300000, 0x0000000085300000|100%| O|  |TAMS 0x0000000085200000| PB 0x0000000085200000| Untracked 
|  83|0x0000000085300000, 0x0000000085400000, 0x0000000085400000|100%| O|  |TAMS 0x0000000085300000| PB 0x0000000085300000| Untracked 
|  84|0x0000000085400000, 0x0000000085500000, 0x0000000085500000|100%| O|  |TAMS 0x0000000085400000| PB 0x0000000085400000| Untracked 
|  85|0x0000000085500000, 0x0000000085600000, 0x0000000085600000|100%| O|  |TAMS 0x0000000085500000| PB 0x0000000085500000| Untracked 
|  86|0x0000000085600000, 0x0000000085700000, 0x0000000085700000|100%| O|  |TAMS 0x0000000085600000| PB 0x0000000085600000| Untracked 
|  87|0x0000000085700000, 0x0000000085800000, 0x0000000085800000|100%| O|  |TAMS 0x0000000085700000| PB 0x0000000085700000| Untracked 
|  88|0x0000000085800000, 0x0000000085900000, 0x0000000085900000|100%| O|  |TAMS 0x0000000085800000| PB 0x0000000085800000| Untracked 
|  89|0x0000000085900000, 0x0000000085a00000, 0x0000000085a00000|100%| O|  |TAMS 0x0000000085900000| PB 0x0000000085900000| Untracked 
|  90|0x0000000085a00000, 0x0000000085b00000, 0x0000000085b00000|100%| O|  |TAMS 0x0000000085a00000| PB 0x0000000085a00000| Untracked 
|  91|0x0000000085b00000, 0x0000000085c00000, 0x0000000085c00000|100%| O|  |TAMS 0x0000000085b00000| PB 0x0000000085b00000| Untracked 
|  92|0x0000000085c00000, 0x0000000085d00000, 0x0000000085d00000|100%| O|  |TAMS 0x0000000085c00000| PB 0x0000000085c00000| Untracked 
|  93|0x0000000085d00000, 0x0000000085e00000, 0x0000000085e00000|100%| O|  |TAMS 0x0000000085d00000| PB 0x0000000085d00000| Untracked 
|  94|0x0000000085e00000, 0x0000000085f00000, 0x0000000085f00000|100%| O|  |TAMS 0x0000000085e00000| PB 0x0000000085e00000| Untracked 
|  95|0x0000000085f00000, 0x0000000085f00000, 0x0000000086000000|  0%| F|  |TAMS 0x0000000085f00000| PB 0x0000000085f00000| Untracked 
|  96|0x0000000086000000, 0x0000000086100000, 0x0000000086100000|100%| O|  |TAMS 0x0000000086000000| PB 0x0000000086000000| Untracked 
|  97|0x0000000086100000, 0x0000000086100000, 0x0000000086200000|  0%| F|  |TAMS 0x0000000086100000| PB 0x0000000086100000| Untracked 
|  98|0x0000000086200000, 0x0000000086200000, 0x0000000086300000|  0%| F|  |TAMS 0x0000000086200000| PB 0x0000000086200000| Untracked 
|  99|0x0000000086300000, 0x0000000086400000, 0x0000000086400000|100%| O|  |TAMS 0x0000000086300000| PB 0x0000000086300000| Untracked 
| 100|0x0000000086400000, 0x0000000086500000, 0x0000000086500000|100%|HS|  |TAMS 0x0000000086400000| PB 0x0000000086400000| Complete 
| 101|0x0000000086500000, 0x0000000086600000, 0x0000000086600000|100%|HC|  |TAMS 0x0000000086500000| PB 0x0000000086500000| Complete 
| 102|0x0000000086600000, 0x0000000086700000, 0x0000000086700000|100%| O|  |TAMS 0x0000000086600000| PB 0x0000000086600000| Untracked 
| 103|0x0000000086700000, 0x0000000086800000, 0x0000000086800000|100%| O|  |TAMS 0x0000000086700000| PB 0x0000000086700000| Untracked 
| 104|0x0000000086800000, 0x0000000086800000, 0x0000000086900000|  0%| F|  |TAMS 0x0000000086800000| PB 0x0000000086800000| Untracked 
| 105|0x0000000086900000, 0x0000000086a00000, 0x0000000086a00000|100%|HS|  |TAMS 0x0000000086900000| PB 0x0000000086900000| Complete 
| 106|0x0000000086a00000, 0x0000000086b00000, 0x0000000086b00000|100%|HS|  |TAMS 0x0000000086a00000| PB 0x0000000086a00000| Complete 
| 107|0x0000000086b00000, 0x0000000086c00000, 0x0000000086c00000|100%|HC|  |TAMS 0x0000000086b00000| PB 0x0000000086b00000| Complete 
| 108|0x0000000086c00000, 0x0000000086d00000, 0x0000000086d00000|100%|HS|  |TAMS 0x0000000086c00000| PB 0x0000000086c00000| Complete 
| 109|0x0000000086d00000, 0x0000000086e00000, 0x0000000086e00000|100%|HC|  |TAMS 0x0000000086d00000| PB 0x0000000086d00000| Complete 
| 110|0x0000000086e00000, 0x0000000086f00000, 0x0000000086f00000|100%|HS|  |TAMS 0x0000000086e00000| PB 0x0000000086e00000| Complete 
| 111|0x0000000086f00000, 0x0000000087000000, 0x0000000087000000|100%|HC|  |TAMS 0x0000000086f00000| PB 0x0000000086f00000| Complete 
| 112|0x0000000087000000, 0x0000000087100000, 0x0000000087100000|100%|HS|  |TAMS 0x0000000087000000| PB 0x0000000087000000| Complete 
| 113|0x0000000087100000, 0x0000000087200000, 0x0000000087200000|100%|HC|  |TAMS 0x0000000087100000| PB 0x0000000087100000| Complete 
| 114|0x0000000087200000, 0x0000000087300000, 0x0000000087300000|100%|HC|  |TAMS 0x0000000087200000| PB 0x0000000087200000| Complete 
| 115|0x0000000087300000, 0x0000000087400000, 0x0000000087400000|100%|HS|  |TAMS 0x0000000087300000| PB 0x0000000087300000| Complete 
| 116|0x0000000087400000, 0x0000000087500000, 0x0000000087500000|100%|HS|  |TAMS 0x0000000087400000| PB 0x0000000087400000| Complete 
| 117|0x0000000087500000, 0x0000000087600000, 0x0000000087600000|100%| O|  |TAMS 0x0000000087500000| PB 0x0000000087500000| Untracked 
| 118|0x0000000087600000, 0x0000000087700000, 0x0000000087700000|100%|HS|  |TAMS 0x0000000087600000| PB 0x0000000087600000| Complete 
| 119|0x0000000087700000, 0x0000000087800000, 0x0000000087800000|100%|HC|  |TAMS 0x0000000087700000| PB 0x0000000087700000| Complete 
| 120|0x0000000087800000, 0x0000000087800000, 0x0000000087900000|  0%| F|  |TAMS 0x0000000087800000| PB 0x0000000087800000| Untracked 
| 121|0x0000000087900000, 0x0000000087a00000, 0x0000000087a00000|100%| O|  |TAMS 0x0000000087900000| PB 0x0000000087900000| Untracked 
| 122|0x0000000087a00000, 0x0000000087a00000, 0x0000000087b00000|  0%| F|  |TAMS 0x0000000087a00000| PB 0x0000000087a00000| Untracked 
| 123|0x0000000087b00000, 0x0000000087c00000, 0x0000000087c00000|100%|HS|  |TAMS 0x0000000087b00000| PB 0x0000000087b00000| Complete 
| 124|0x0000000087c00000, 0x0000000087d00000, 0x0000000087d00000|100%| O|  |TAMS 0x0000000087c00000| PB 0x0000000087c00000| Untracked 
| 125|0x0000000087d00000, 0x0000000087e00000, 0x0000000087e00000|100%| O|  |TAMS 0x0000000087d00000| PB 0x0000000087d00000| Untracked 
| 126|0x0000000087e00000, 0x0000000087f00000, 0x0000000087f00000|100%| O|  |TAMS 0x0000000087e00000| PB 0x0000000087e00000| Untracked 
| 127|0x0000000087f00000, 0x0000000088000000, 0x0000000088000000|100%|HS|  |TAMS 0x0000000087f00000| PB 0x0000000087f00000| Complete 
| 128|0x0000000088000000, 0x0000000088100000, 0x0000000088100000|100%| O|  |TAMS 0x0000000088000000| PB 0x0000000088000000| Untracked 
| 129|0x0000000088100000, 0x0000000088200000, 0x0000000088200000|100%|HS|  |TAMS 0x0000000088100000| PB 0x0000000088100000| Complete 
| 130|0x0000000088200000, 0x0000000088300000, 0x0000000088300000|100%| O|  |TAMS 0x0000000088200000| PB 0x0000000088200000| Untracked 
| 131|0x0000000088300000, 0x0000000088400000, 0x0000000088400000|100%| O|  |TAMS 0x0000000088300000| PB 0x0000000088300000| Untracked 
| 132|0x0000000088400000, 0x0000000088500000, 0x0000000088500000|100%| O|  |TAMS 0x0000000088400000| PB 0x0000000088400000| Untracked 
| 133|0x0000000088500000, 0x0000000088600000, 0x0000000088600000|100%| O|  |TAMS 0x0000000088500000| PB 0x0000000088500000| Untracked 
| 134|0x0000000088600000, 0x0000000088600000, 0x0000000088700000|  0%| F|  |TAMS 0x0000000088600000| PB 0x0000000088600000| Untracked 
| 135|0x0000000088700000, 0x0000000088700000, 0x0000000088800000|  0%| F|  |TAMS 0x0000000088700000| PB 0x0000000088700000| Untracked 
| 136|0x0000000088800000, 0x0000000088800000, 0x0000000088900000|  0%| F|  |TAMS 0x0000000088800000| PB 0x0000000088800000| Untracked 
| 137|0x0000000088900000, 0x0000000088900000, 0x0000000088a00000|  0%| F|  |TAMS 0x0000000088900000| PB 0x0000000088900000| Untracked 
| 138|0x0000000088a00000, 0x0000000088b00000, 0x0000000088b00000|100%| O|  |TAMS 0x0000000088a00000| PB 0x0000000088a00000| Untracked 
| 139|0x0000000088b00000, 0x0000000088c00000, 0x0000000088c00000|100%| O|  |TAMS 0x0000000088b00000| PB 0x0000000088b00000| Untracked 
| 140|0x0000000088c00000, 0x0000000088d00000, 0x0000000088d00000|100%|HS|  |TAMS 0x0000000088c00000| PB 0x0000000088c00000| Complete 
| 141|0x0000000088d00000, 0x0000000088e00000, 0x0000000088e00000|100%|HC|  |TAMS 0x0000000088d00000| PB 0x0000000088d00000| Complete 
| 142|0x0000000088e00000, 0x0000000088f00000, 0x0000000088f00000|100%| O|  |TAMS 0x0000000088e00000| PB 0x0000000088e00000| Untracked 
| 143|0x0000000088f00000, 0x0000000089000000, 0x0000000089000000|100%| O|  |TAMS 0x0000000088f00000| PB 0x0000000088f00000| Untracked 
| 144|0x0000000089000000, 0x0000000089100000, 0x0000000089100000|100%| O|  |TAMS 0x0000000089000000| PB 0x0000000089000000| Untracked 
| 145|0x0000000089100000, 0x0000000089200000, 0x0000000089200000|100%|HS|  |TAMS 0x0000000089100000| PB 0x0000000089100000| Complete 
| 146|0x0000000089200000, 0x0000000089300000, 0x0000000089300000|100%|HC|  |TAMS 0x0000000089200000| PB 0x0000000089200000| Complete 
| 147|0x0000000089300000, 0x0000000089300000, 0x0000000089400000|  0%| F|  |TAMS 0x0000000089300000| PB 0x0000000089300000| Untracked 
| 148|0x0000000089400000, 0x0000000089500000, 0x0000000089500000|100%| O|  |TAMS 0x0000000089400000| PB 0x0000000089400000| Untracked 
| 149|0x0000000089500000, 0x0000000089600000, 0x0000000089600000|100%| O|  |TAMS 0x0000000089500000| PB 0x0000000089500000| Untracked 
| 150|0x0000000089600000, 0x0000000089700000, 0x0000000089700000|100%| O|  |TAMS 0x0000000089600000| PB 0x0000000089600000| Untracked 
| 151|0x0000000089700000, 0x0000000089800000, 0x0000000089800000|100%|HS|  |TAMS 0x0000000089700000| PB 0x0000000089700000| Complete 
| 152|0x0000000089800000, 0x0000000089900000, 0x0000000089900000|100%|HC|  |TAMS 0x0000000089800000| PB 0x0000000089800000| Complete 
| 153|0x0000000089900000, 0x0000000089a00000, 0x0000000089a00000|100%| O|  |TAMS 0x0000000089900000| PB 0x0000000089900000| Untracked 
| 154|0x0000000089a00000, 0x0000000089b00000, 0x0000000089b00000|100%| O|  |TAMS 0x0000000089a00000| PB 0x0000000089a00000| Untracked 
| 155|0x0000000089b00000, 0x0000000089c00000, 0x0000000089c00000|100%| O|  |TAMS 0x0000000089b00000| PB 0x0000000089b00000| Untracked 
| 156|0x0000000089c00000, 0x0000000089c00000, 0x0000000089d00000|  0%| F|  |TAMS 0x0000000089c00000| PB 0x0000000089c00000| Untracked 
| 157|0x0000000089d00000, 0x0000000089e00000, 0x0000000089e00000|100%| O|  |TAMS 0x0000000089d00000| PB 0x0000000089d00000| Untracked 
| 158|0x0000000089e00000, 0x0000000089f00000, 0x0000000089f00000|100%| O|  |TAMS 0x0000000089e00000| PB 0x0000000089e00000| Untracked 
| 159|0x0000000089f00000, 0x000000008a000000, 0x000000008a000000|100%| O|  |TAMS 0x0000000089f00000| PB 0x0000000089f00000| Untracked 
| 160|0x000000008a000000, 0x000000008a100000, 0x000000008a100000|100%| O|  |TAMS 0x000000008a000000| PB 0x000000008a000000| Untracked 
| 161|0x000000008a100000, 0x000000008a200000, 0x000000008a200000|100%| O|  |TAMS 0x000000008a100000| PB 0x000000008a100000| Untracked 
| 162|0x000000008a200000, 0x000000008a300000, 0x000000008a300000|100%| O|  |TAMS 0x000000008a200000| PB 0x000000008a200000| Untracked 
| 163|0x000000008a300000, 0x000000008a400000, 0x000000008a400000|100%| S|CS|TAMS 0x000000008a300000| PB 0x000000008a300000| Complete 
| 164|0x000000008a400000, 0x000000008a500000, 0x000000008a500000|100%| S|CS|TAMS 0x000000008a400000| PB 0x000000008a400000| Complete 
| 165|0x000000008a500000, 0x000000008a600000, 0x000000008a600000|100%| S|CS|TAMS 0x000000008a500000| PB 0x000000008a500000| Complete 
| 166|0x000000008a600000, 0x000000008a700000, 0x000000008a700000|100%| S|CS|TAMS 0x000000008a600000| PB 0x000000008a600000| Complete 
| 167|0x000000008a700000, 0x000000008a800000, 0x000000008a800000|100%| S|CS|TAMS 0x000000008a700000| PB 0x000000008a700000| Complete 
| 168|0x000000008a800000, 0x000000008a900000, 0x000000008a900000|100%| S|CS|TAMS 0x000000008a800000| PB 0x000000008a800000| Complete 
| 169|0x000000008a900000, 0x000000008aa00000, 0x000000008aa00000|100%| S|CS|TAMS 0x000000008a900000| PB 0x000000008a900000| Complete 
| 170|0x000000008aa00000, 0x000000008ab00000, 0x000000008ab00000|100%| S|CS|TAMS 0x000000008aa00000| PB 0x000000008aa00000| Complete 
| 171|0x000000008ab00000, 0x000000008ac00000, 0x000000008ac00000|100%| S|CS|TAMS 0x000000008ab00000| PB 0x000000008ab00000| Complete 
| 172|0x000000008ac00000, 0x000000008ad00000, 0x000000008ad00000|100%| S|CS|TAMS 0x000000008ac00000| PB 0x000000008ac00000| Complete 
| 173|0x000000008ad00000, 0x000000008ae00000, 0x000000008ae00000|100%| S|CS|TAMS 0x000000008ad00000| PB 0x000000008ad00000| Complete 
| 174|0x000000008ae00000, 0x000000008af00000, 0x000000008af00000|100%| S|CS|TAMS 0x000000008ae00000| PB 0x000000008ae00000| Complete 
| 175|0x000000008af00000, 0x000000008b000000, 0x000000008b000000|100%| S|CS|TAMS 0x000000008af00000| PB 0x000000008af00000| Complete 
| 176|0x000000008b000000, 0x000000008b000000, 0x000000008b100000|  0%| F|  |TAMS 0x000000008b000000| PB 0x000000008b000000| Untracked 
| 177|0x000000008b100000, 0x000000008b100000, 0x000000008b200000|  0%| F|  |TAMS 0x000000008b100000| PB 0x000000008b100000| Untracked 
| 178|0x000000008b200000, 0x000000008b200000, 0x000000008b300000|  0%| F|  |TAMS 0x000000008b200000| PB 0x000000008b200000| Untracked 
| 179|0x000000008b300000, 0x000000008b300000, 0x000000008b400000|  0%| F|  |TAMS 0x000000008b300000| PB 0x000000008b300000| Untracked 
| 180|0x000000008b400000, 0x000000008b400000, 0x000000008b500000|  0%| F|  |TAMS 0x000000008b400000| PB 0x000000008b400000| Untracked 
| 181|0x000000008b500000, 0x000000008b500000, 0x000000008b600000|  0%| F|  |TAMS 0x000000008b500000| PB 0x000000008b500000| Untracked 
| 182|0x000000008b600000, 0x000000008b600000, 0x000000008b700000|  0%| F|  |TAMS 0x000000008b600000| PB 0x000000008b600000| Untracked 
| 183|0x000000008b700000, 0x000000008b700000, 0x000000008b800000|  0%| F|  |TAMS 0x000000008b700000| PB 0x000000008b700000| Untracked 
| 184|0x000000008b800000, 0x000000008b800000, 0x000000008b900000|  0%| F|  |TAMS 0x000000008b800000| PB 0x000000008b800000| Untracked 
| 185|0x000000008b900000, 0x000000008b900000, 0x000000008ba00000|  0%| F|  |TAMS 0x000000008b900000| PB 0x000000008b900000| Untracked 
| 186|0x000000008ba00000, 0x000000008ba00000, 0x000000008bb00000|  0%| F|  |TAMS 0x000000008ba00000| PB 0x000000008ba00000| Untracked 
| 187|0x000000008bb00000, 0x000000008bb00000, 0x000000008bc00000|  0%| F|  |TAMS 0x000000008bb00000| PB 0x000000008bb00000| Untracked 
| 188|0x000000008bc00000, 0x000000008bc00000, 0x000000008bd00000|  0%| F|  |TAMS 0x000000008bc00000| PB 0x000000008bc00000| Untracked 
| 189|0x000000008bd00000, 0x000000008bd00000, 0x000000008be00000|  0%| F|  |TAMS 0x000000008bd00000| PB 0x000000008bd00000| Untracked 
| 190|0x000000008be00000, 0x000000008be00000, 0x000000008bf00000|  0%| F|  |TAMS 0x000000008be00000| PB 0x000000008be00000| Untracked 
| 191|0x000000008bf00000, 0x000000008bf00000, 0x000000008c000000|  0%| F|  |TAMS 0x000000008bf00000| PB 0x000000008bf00000| Untracked 
| 192|0x000000008c000000, 0x000000008c000000, 0x000000008c100000|  0%| F|  |TAMS 0x000000008c000000| PB 0x000000008c000000| Untracked 
| 193|0x000000008c100000, 0x000000008c100000, 0x000000008c200000|  0%| F|  |TAMS 0x000000008c100000| PB 0x000000008c100000| Untracked 
| 194|0x000000008c200000, 0x000000008c200000, 0x000000008c300000|  0%| F|  |TAMS 0x000000008c200000| PB 0x000000008c200000| Untracked 
| 195|0x000000008c300000, 0x000000008c300000, 0x000000008c400000|  0%| F|  |TAMS 0x000000008c300000| PB 0x000000008c300000| Untracked 
| 196|0x000000008c400000, 0x000000008c400000, 0x000000008c500000|  0%| F|  |TAMS 0x000000008c400000| PB 0x000000008c400000| Untracked 
| 197|0x000000008c500000, 0x000000008c500000, 0x000000008c600000|  0%| F|  |TAMS 0x000000008c500000| PB 0x000000008c500000| Untracked 
| 198|0x000000008c600000, 0x000000008c600000, 0x000000008c700000|  0%| F|  |TAMS 0x000000008c600000| PB 0x000000008c600000| Untracked 
| 199|0x000000008c700000, 0x000000008c700000, 0x000000008c800000|  0%| F|  |TAMS 0x000000008c700000| PB 0x000000008c700000| Untracked 
| 200|0x000000008c800000, 0x000000008c800000, 0x000000008c900000|  0%| F|  |TAMS 0x000000008c800000| PB 0x000000008c800000| Untracked 
| 201|0x000000008c900000, 0x000000008c900000, 0x000000008ca00000|  0%| F|  |TAMS 0x000000008c900000| PB 0x000000008c900000| Untracked 
| 202|0x000000008ca00000, 0x000000008ca00000, 0x000000008cb00000|  0%| F|  |TAMS 0x000000008ca00000| PB 0x000000008ca00000| Untracked 
| 203|0x000000008cb00000, 0x000000008cb00000, 0x000000008cc00000|  0%| F|  |TAMS 0x000000008cb00000| PB 0x000000008cb00000| Untracked 
| 204|0x000000008cc00000, 0x000000008cc00000, 0x000000008cd00000|  0%| F|  |TAMS 0x000000008cc00000| PB 0x000000008cc00000| Untracked 
| 205|0x000000008cd00000, 0x000000008cd00000, 0x000000008ce00000|  0%| F|  |TAMS 0x000000008cd00000| PB 0x000000008cd00000| Untracked 
| 206|0x000000008ce00000, 0x000000008ce00000, 0x000000008cf00000|  0%| F|  |TAMS 0x000000008ce00000| PB 0x000000008ce00000| Untracked 
| 207|0x000000008cf00000, 0x000000008cf00000, 0x000000008d000000|  0%| F|  |TAMS 0x000000008cf00000| PB 0x000000008cf00000| Untracked 
| 208|0x000000008d000000, 0x000000008d000000, 0x000000008d100000|  0%| F|  |TAMS 0x000000008d000000| PB 0x000000008d000000| Untracked 
| 209|0x000000008d100000, 0x000000008d100000, 0x000000008d200000|  0%| F|  |TAMS 0x000000008d100000| PB 0x000000008d100000| Untracked 
| 210|0x000000008d200000, 0x000000008d200000, 0x000000008d300000|  0%| F|  |TAMS 0x000000008d200000| PB 0x000000008d200000| Untracked 
| 211|0x000000008d300000, 0x000000008d300000, 0x000000008d400000|  0%| F|  |TAMS 0x000000008d300000| PB 0x000000008d300000| Untracked 
| 212|0x000000008d400000, 0x000000008d400000, 0x000000008d500000|  0%| F|  |TAMS 0x000000008d400000| PB 0x000000008d400000| Untracked 
| 213|0x000000008d500000, 0x000000008d500000, 0x000000008d600000|  0%| F|  |TAMS 0x000000008d500000| PB 0x000000008d500000| Untracked 
| 214|0x000000008d600000, 0x000000008d600000, 0x000000008d700000|  0%| F|  |TAMS 0x000000008d600000| PB 0x000000008d600000| Untracked 
| 215|0x000000008d700000, 0x000000008d700000, 0x000000008d800000|  0%| F|  |TAMS 0x000000008d700000| PB 0x000000008d700000| Untracked 
| 216|0x000000008d800000, 0x000000008d800000, 0x000000008d900000|  0%| F|  |TAMS 0x000000008d800000| PB 0x000000008d800000| Untracked 
| 217|0x000000008d900000, 0x000000008d900000, 0x000000008da00000|  0%| F|  |TAMS 0x000000008d900000| PB 0x000000008d900000| Untracked 
| 218|0x000000008da00000, 0x000000008da00000, 0x000000008db00000|  0%| F|  |TAMS 0x000000008da00000| PB 0x000000008da00000| Untracked 
| 219|0x000000008db00000, 0x000000008db00000, 0x000000008dc00000|  0%| F|  |TAMS 0x000000008db00000| PB 0x000000008db00000| Untracked 
| 220|0x000000008dc00000, 0x000000008dc00000, 0x000000008dd00000|  0%| F|  |TAMS 0x000000008dc00000| PB 0x000000008dc00000| Untracked 
| 221|0x000000008dd00000, 0x000000008dd00000, 0x000000008de00000|  0%| F|  |TAMS 0x000000008dd00000| PB 0x000000008dd00000| Untracked 
| 222|0x000000008de00000, 0x000000008de00000, 0x000000008df00000|  0%| F|  |TAMS 0x000000008de00000| PB 0x000000008de00000| Untracked 
| 223|0x000000008df00000, 0x000000008df00000, 0x000000008e000000|  0%| F|  |TAMS 0x000000008df00000| PB 0x000000008df00000| Untracked 
| 224|0x000000008e000000, 0x000000008e000000, 0x000000008e100000|  0%| F|  |TAMS 0x000000008e000000| PB 0x000000008e000000| Untracked 
| 225|0x000000008e100000, 0x000000008e100000, 0x000000008e200000|  0%| F|  |TAMS 0x000000008e100000| PB 0x000000008e100000| Untracked 
| 226|0x000000008e200000, 0x000000008e200000, 0x000000008e300000|  0%| F|  |TAMS 0x000000008e200000| PB 0x000000008e200000| Untracked 
| 227|0x000000008e300000, 0x000000008e300000, 0x000000008e400000|  0%| F|  |TAMS 0x000000008e300000| PB 0x000000008e300000| Untracked 
| 228|0x000000008e400000, 0x000000008e400000, 0x000000008e500000|  0%| F|  |TAMS 0x000000008e400000| PB 0x000000008e400000| Untracked 
| 229|0x000000008e500000, 0x000000008e500000, 0x000000008e600000|  0%| F|  |TAMS 0x000000008e500000| PB 0x000000008e500000| Untracked 
| 230|0x000000008e600000, 0x000000008e600000, 0x000000008e700000|  0%| F|  |TAMS 0x000000008e600000| PB 0x000000008e600000| Untracked 
| 231|0x000000008e700000, 0x000000008e700000, 0x000000008e800000|  0%| F|  |TAMS 0x000000008e700000| PB 0x000000008e700000| Untracked 
| 232|0x000000008e800000, 0x000000008e800000, 0x000000008e900000|  0%| F|  |TAMS 0x000000008e800000| PB 0x000000008e800000| Untracked 
| 233|0x000000008e900000, 0x000000008e900000, 0x000000008ea00000|  0%| F|  |TAMS 0x000000008e900000| PB 0x000000008e900000| Untracked 
| 234|0x000000008ea00000, 0x000000008ea00000, 0x000000008eb00000|  0%| F|  |TAMS 0x000000008ea00000| PB 0x000000008ea00000| Untracked 
| 235|0x000000008eb00000, 0x000000008eb00000, 0x000000008ec00000|  0%| F|  |TAMS 0x000000008eb00000| PB 0x000000008eb00000| Untracked 
| 236|0x000000008ec00000, 0x000000008ec00000, 0x000000008ed00000|  0%| F|  |TAMS 0x000000008ec00000| PB 0x000000008ec00000| Untracked 
| 237|0x000000008ed00000, 0x000000008ed00000, 0x000000008ee00000|  0%| F|  |TAMS 0x000000008ed00000| PB 0x000000008ed00000| Untracked 
| 238|0x000000008ee00000, 0x000000008ee00000, 0x000000008ef00000|  0%| F|  |TAMS 0x000000008ee00000| PB 0x000000008ee00000| Untracked 
| 239|0x000000008ef00000, 0x000000008ef00000, 0x000000008f000000|  0%| F|  |TAMS 0x000000008ef00000| PB 0x000000008ef00000| Untracked 
| 240|0x000000008f000000, 0x000000008f000000, 0x000000008f100000|  0%| F|  |TAMS 0x000000008f000000| PB 0x000000008f000000| Untracked 
| 241|0x000000008f100000, 0x000000008f100000, 0x000000008f200000|  0%| F|  |TAMS 0x000000008f100000| PB 0x000000008f100000| Untracked 
| 242|0x000000008f200000, 0x000000008f200000, 0x000000008f300000|  0%| F|  |TAMS 0x000000008f200000| PB 0x000000008f200000| Untracked 
| 243|0x000000008f300000, 0x000000008f300000, 0x000000008f400000|  0%| F|  |TAMS 0x000000008f300000| PB 0x000000008f300000| Untracked 
| 244|0x000000008f400000, 0x000000008f400000, 0x000000008f500000|  0%| F|  |TAMS 0x000000008f400000| PB 0x000000008f400000| Untracked 
| 245|0x000000008f500000, 0x000000008f500000, 0x000000008f600000|  0%| F|  |TAMS 0x000000008f500000| PB 0x000000008f500000| Untracked 
| 246|0x000000008f600000, 0x000000008f600000, 0x000000008f700000|  0%| F|  |TAMS 0x000000008f600000| PB 0x000000008f600000| Untracked 
| 247|0x000000008f700000, 0x000000008f700000, 0x000000008f800000|  0%| F|  |TAMS 0x000000008f700000| PB 0x000000008f700000| Untracked 
| 248|0x000000008f800000, 0x000000008f800000, 0x000000008f900000|  0%| F|  |TAMS 0x000000008f800000| PB 0x000000008f800000| Untracked 
| 249|0x000000008f900000, 0x000000008f900000, 0x000000008fa00000|  0%| F|  |TAMS 0x000000008f900000| PB 0x000000008f900000| Untracked 
| 250|0x000000008fa00000, 0x000000008fa00000, 0x000000008fb00000|  0%| F|  |TAMS 0x000000008fa00000| PB 0x000000008fa00000| Untracked 
| 251|0x000000008fb00000, 0x000000008fb00000, 0x000000008fc00000|  0%| F|  |TAMS 0x000000008fb00000| PB 0x000000008fb00000| Untracked 
| 252|0x000000008fc00000, 0x000000008fd00000, 0x000000008fd00000|100%|HS|  |TAMS 0x000000008fc00000| PB 0x000000008fc00000| Complete 
| 253|0x000000008fd00000, 0x000000008fe00000, 0x000000008fe00000|100%|HC|  |TAMS 0x000000008fd00000| PB 0x000000008fd00000| Complete 
| 254|0x000000008fe00000, 0x000000008ff00000, 0x000000008ff00000|100%|HC|  |TAMS 0x000000008fe00000| PB 0x000000008fe00000| Complete 
| 255|0x000000008ff00000, 0x000000008ff00000, 0x0000000090000000|  0%| F|  |TAMS 0x000000008ff00000| PB 0x000000008ff00000| Untracked 
| 256|0x0000000090000000, 0x0000000090000000, 0x0000000090100000|  0%| F|  |TAMS 0x0000000090000000| PB 0x0000000090000000| Untracked 
| 257|0x0000000090100000, 0x0000000090100000, 0x0000000090200000|  0%| F|  |TAMS 0x0000000090100000| PB 0x0000000090100000| Untracked 
| 258|0x0000000090200000, 0x0000000090200000, 0x0000000090300000|  0%| F|  |TAMS 0x0000000090200000| PB 0x0000000090200000| Untracked 
| 259|0x0000000090300000, 0x0000000090300000, 0x0000000090400000|  0%| F|  |TAMS 0x0000000090300000| PB 0x0000000090300000| Untracked 
| 260|0x0000000090400000, 0x0000000090400000, 0x0000000090500000|  0%| F|  |TAMS 0x0000000090400000| PB 0x0000000090400000| Untracked 
| 261|0x0000000090500000, 0x0000000090500000, 0x0000000090600000|  0%| F|  |TAMS 0x0000000090500000| PB 0x0000000090500000| Untracked 
| 262|0x0000000090600000, 0x0000000090600000, 0x0000000090700000|  0%| F|  |TAMS 0x0000000090600000| PB 0x0000000090600000| Untracked 
| 263|0x0000000090700000, 0x0000000090700000, 0x0000000090800000|  0%| F|  |TAMS 0x0000000090700000| PB 0x0000000090700000| Untracked 
| 264|0x0000000090800000, 0x0000000090871ab0, 0x0000000090900000| 44%| E|  |TAMS 0x0000000090800000| PB 0x0000000090800000| Complete 
| 265|0x0000000090900000, 0x0000000090a00000, 0x0000000090a00000|100%| E|CS|TAMS 0x0000000090900000| PB 0x0000000090900000| Complete 
| 266|0x0000000090a00000, 0x0000000090b00000, 0x0000000090b00000|100%| E|CS|TAMS 0x0000000090a00000| PB 0x0000000090a00000| Complete 
|2022|0x00000000fe600000, 0x00000000fe700000, 0x00000000fe700000|100%| O|  |TAMS 0x00000000fe600000| PB 0x00000000fe600000| Untracked 
|2023|0x00000000fe700000, 0x00000000fe800000, 0x00000000fe800000|100%| O|  |TAMS 0x00000000fe700000| PB 0x00000000fe700000| Untracked 
|2024|0x00000000fe800000, 0x00000000fe900000, 0x00000000fe900000|100%| O|  |TAMS 0x00000000fe800000| PB 0x00000000fe800000| Untracked 
|2025|0x00000000fe900000, 0x00000000fea00000, 0x00000000fea00000|100%| O|  |TAMS 0x00000000fe900000| PB 0x00000000fe900000| Untracked 
|2026|0x00000000fea00000, 0x00000000feb00000, 0x00000000feb00000|100%| O|  |TAMS 0x00000000fea00000| PB 0x00000000fea00000| Untracked 
|2027|0x00000000feb00000, 0x00000000fec00000, 0x00000000fec00000|100%| O|  |TAMS 0x00000000feb00000| PB 0x00000000feb00000| Untracked 
|2028|0x00000000fec00000, 0x00000000fed00000, 0x00000000fed00000|100%| O|  |TAMS 0x00000000fec00000| PB 0x00000000fec00000| Untracked 
|2029|0x00000000fed00000, 0x00000000fee00000, 0x00000000fee00000|100%| O|  |TAMS 0x00000000fed00000| PB 0x00000000fed00000| Untracked 
|2030|0x00000000fee00000, 0x00000000fef00000, 0x00000000fef00000|100%| O|  |TAMS 0x00000000fee00000| PB 0x00000000fee00000| Untracked 
|2031|0x00000000fef00000, 0x00000000ff000000, 0x00000000ff000000|100%| O|  |TAMS 0x00000000fef00000| PB 0x00000000fef00000| Untracked 
|2032|0x00000000ff000000, 0x00000000ff100000, 0x00000000ff100000|100%| O|  |TAMS 0x00000000ff000000| PB 0x00000000ff000000| Untracked 
|2033|0x00000000ff100000, 0x00000000ff200000, 0x00000000ff200000|100%| E|CS|TAMS 0x00000000ff100000| PB 0x00000000ff100000| Complete 
|2034|0x00000000ff200000, 0x00000000ff300000, 0x00000000ff300000|100%| O|  |TAMS 0x00000000ff200000| PB 0x00000000ff200000| Untracked 
|2035|0x00000000ff300000, 0x00000000ff400000, 0x00000000ff400000|100%| O|  |TAMS 0x00000000ff300000| PB 0x00000000ff300000| Untracked 
|2036|0x00000000ff400000, 0x00000000ff500000, 0x00000000ff500000|100%| O|  |TAMS 0x00000000ff400000| PB 0x00000000ff400000| Untracked 
|2037|0x00000000ff500000, 0x00000000ff600000, 0x00000000ff600000|100%| E|CS|TAMS 0x00000000ff500000| PB 0x00000000ff500000| Complete 
|2038|0x00000000ff600000, 0x00000000ff700000, 0x00000000ff700000|100%| E|CS|TAMS 0x00000000ff600000| PB 0x00000000ff600000| Complete 
|2039|0x00000000ff700000, 0x00000000ff800000, 0x00000000ff800000|100%| E|CS|TAMS 0x00000000ff700000| PB 0x00000000ff700000| Complete 
|2040|0x00000000ff800000, 0x00000000ff900000, 0x00000000ff900000|100%| E|CS|TAMS 0x00000000ff800000| PB 0x00000000ff800000| Complete 
|2041|0x00000000ff900000, 0x00000000ffa00000, 0x00000000ffa00000|100%| E|CS|TAMS 0x00000000ff900000| PB 0x00000000ff900000| Complete 
|2042|0x00000000ffa00000, 0x00000000ffb00000, 0x00000000ffb00000|100%| O|  |TAMS 0x00000000ffa00000| PB 0x00000000ffa00000| Untracked 
|2043|0x00000000ffb00000, 0x00000000ffc00000, 0x00000000ffc00000|100%| E|CS|TAMS 0x00000000ffb00000| PB 0x00000000ffb00000| Complete 
|2044|0x00000000ffc00000, 0x00000000ffd00000, 0x00000000ffd00000|100%| E|CS|TAMS 0x00000000ffc00000| PB 0x00000000ffc00000| Complete 
|2045|0x00000000ffd00000, 0x00000000ffe00000, 0x00000000ffe00000|100%| E|CS|TAMS 0x00000000ffd00000| PB 0x00000000ffd00000| Complete 
|2046|0x00000000ffe00000, 0x00000000fff00000, 0x00000000fff00000|100%| O|  |TAMS 0x00000000ffe00000| PB 0x00000000ffe00000| Untracked 
|2047|0x00000000fff00000, 0x0000000100000000, 0x0000000100000000|100%| O|  |TAMS 0x00000000fff00000| PB 0x00000000fff00000| Untracked 

Card table byte_map: [0x0000021d99c90000,0x0000021d9a090000] _byte_map_base: 0x0000021d99890000

Marking Bits: (CMBitMap*) 0x0000021d8553b5c0
 Bits: [0x0000021d9a090000, 0x0000021d9c090000)

Polling page: 0x0000021d85540000

Metaspace:

Usage:
  Non-class:    107.90 MB used.
      Class:     17.13 MB used.
       Both:    125.03 MB used.

Virtual space:
  Non-class space:      128.00 MB reserved,     109.00 MB ( 85%) committed,  2 nodes.
      Class space:        1.00 GB reserved,      18.19 MB (  2%) committed,  1 nodes.
             Both:        1.12 GB reserved,     127.19 MB ( 11%) committed. 

Chunk freelists:
   Non-Class:  2.97 MB
       Class:  13.78 MB
        Both:  16.75 MB

MaxMetaspaceSize: unlimited
CompressedClassSpaceSize: 1.00 GB
Initial GC threshold: 21.00 MB
Current GC threshold: 197.50 MB
CDS: off
 - commit_granule_bytes: 65536.
 - commit_granule_words: 8192.
 - virtual_space_node_default_size: 8388608.
 - enlarge_chunks_in_place: 1.
 - use_allocation_guard: 0.


Internal statistics:

num_allocs_failed_limit: 9.
num_arena_births: 4248.
num_arena_deaths: 0.
num_vsnodes_births: 3.
num_vsnodes_deaths: 0.
num_space_committed: 2033.
num_space_uncommitted: 0.
num_chunks_returned_to_freelist: 9.
num_chunks_taken_from_freelist: 9612.
num_chunk_merges: 9.
num_chunk_splits: 6288.
num_chunks_enlarged: 4009.
num_inconsistent_stats: 0.

CodeHeap 'non-profiled nmethods': size=120000Kb used=10601Kb max_used=10601Kb free=109398Kb
 bounds [0x0000021d92360000, 0x0000021d92dc0000, 0x0000021d99890000]
CodeHeap 'profiled nmethods': size=120000Kb used=28679Kb max_used=28679Kb free=91320Kb
 bounds [0x0000021d8a890000, 0x0000021d8c4a0000, 0x0000021d91dc0000]
CodeHeap 'non-nmethods': size=5760Kb used=2750Kb max_used=2807Kb free=3009Kb
 bounds [0x0000021d91dc0000, 0x0000021d92080000, 0x0000021d92360000]
CodeCache: size=245760Kb, used=42030Kb, max_used=42087Kb, free=203727Kb
 total_blobs=15806, nmethods=14783, adapters=927, full_count=0
Compilation: enabled, stopped_count=0, restarted_count=0

Compilation events (20 events):
Event: 48.958 Thread 0x0000021d9e7bc820 nmethod 17793 0x0000021d8c48f210 code [0x0000021d8c48f3c0, 0x0000021d8c48f5d0]
Event: 48.964 Thread 0x0000021d9e7bc820 17794       3       java.util.AbstractList$SubList$1::hasNext (20 bytes)
Event: 48.964 Thread 0x0000021d9e7bc820 nmethod 17794 0x0000021d8c48f710 code [0x0000021d8c48f8c0, 0x0000021d8c48fb68]
Event: 48.965 Thread 0x0000021d9e7bc820 17795       1       com.android.tools.r8.graph.N2::w1 (2 bytes)
Event: 48.965 Thread 0x0000021d9e7bc820 nmethod 17795 0x0000021d92dba410 code [0x0000021d92dba5a0, 0x0000021d92dba668]
Event: 48.966 Thread 0x0000021d9e7bc820 17796       3       com.android.tools.r8.utils.w::G (52 bytes)
Event: 48.966 Thread 0x0000021d9e7bc820 nmethod 17796 0x0000021d8c48fc90 code [0x0000021d8c48fe20, 0x0000021d8c48ff40]
Event: 48.976 Thread 0x0000021d9e7bc820 17797       3       com.android.tools.r8.utils.structural.l::a (15 bytes)
Event: 48.976 Thread 0x0000021d9e7bc820 nmethod 17797 0x0000021d8c490010 code [0x0000021d8c4901a0, 0x0000021d8c4902c0]
Event: 48.976 Thread 0x0000021d9e7bc820 17798       3       com.android.tools.r8.utils.structural.A::f (16 bytes)
Event: 48.977 Thread 0x0000021d9e7bc820 nmethod 17798 0x0000021d8c490390 code [0x0000021d8c4905a0, 0x0000021d8c490c98]
Event: 48.980 Thread 0x0000021d9e7bc820 17799       3       com.android.tools.r8.dex.code.X3::<init> (7 bytes)
Event: 48.980 Thread 0x0000021d9e7bc820 nmethod 17799 0x0000021d8c490e90 code [0x0000021d8c491040, 0x0000021d8c491178]
Event: 48.980 Thread 0x0000021d9e7bc820 17800       3       com.android.tools.r8.dex.code.o::<init> (7 bytes)
Event: 48.980 Thread 0x0000021d9e7bc820 nmethod 17800 0x0000021d8c491210 code [0x0000021d8c4913c0, 0x0000021d8c4914f8]
Event: 48.981 Thread 0x0000021d9e7bc820 17802       2       com.android.tools.r8.dex.code.y1::<init> (13 bytes)
Event: 48.981 Thread 0x0000021d9e7bc820 nmethod 17802 0x0000021d8c491590 code [0x0000021d8c491740, 0x0000021d8c491860]
Event: 48.984 Thread 0x0000021d9e7bc820 17804       2       com.android.tools.r8.dex.code.c4::<init> (7 bytes)
Event: 48.985 Thread 0x0000021d9e7bc820 nmethod 17804 0x0000021d8c491990 code [0x0000021d8c491b20, 0x0000021d8c491c40]
Event: 48.987 Thread 0x0000021d9e7bc820 17805       2       com.android.tools.r8.dex.code.Y3::<init> (7 bytes)

GC Heap History (20 events):
Event: 35.303 GC heap before
{Heap before GC invocations=41 (full 0):
 garbage-first heap   total 208896K, used 184832K [0x0000000080000000, 0x0000000100000000)
  region size 1024K, 51 young (52224K), 7 survivors (7168K)
 Metaspace       used 110951K, committed 113152K, reserved 1179648K
  class space    used 15329K, committed 16384K, reserved 1048576K
}
Event: 35.328 GC heap after
{Heap after GC invocations=42 (full 0):
 garbage-first heap   total 208896K, used 139264K [0x0000000080000000, 0x0000000100000000)
  region size 1024K, 7 young (7168K), 7 survivors (7168K)
 Metaspace       used 110951K, committed 113152K, reserved 1179648K
  class space    used 15329K, committed 16384K, reserved 1048576K
}
Event: 35.569 GC heap before
{Heap before GC invocations=42 (full 0):
 garbage-first heap   total 208896K, used 145408K [0x0000000080000000, 0x0000000100000000)
  region size 1024K, 14 young (14336K), 7 survivors (7168K)
 Metaspace       used 110958K, committed 113152K, reserved 1179648K
  class space    used 15329K, committed 16384K, reserved 1048576K
}
Event: 35.589 GC heap after
{Heap after GC invocations=43 (full 0):
 garbage-first heap   total 208896K, used 145300K [0x0000000080000000, 0x0000000100000000)
  region size 1024K, 6 young (6144K), 6 survivors (6144K)
 Metaspace       used 110958K, committed 113152K, reserved 1179648K
  class space    used 15329K, committed 16384K, reserved 1048576K
}
Event: 36.922 GC heap before
{Heap before GC invocations=44 (full 0):
 garbage-first heap   total 270336K, used 191380K [0x0000000080000000, 0x0000000100000000)
  region size 1024K, 34 young (34816K), 6 survivors (6144K)
 Metaspace       used 111286K, committed 113472K, reserved 1179648K
  class space    used 15354K, committed 16384K, reserved 1048576K
}
Event: 36.943 GC heap after
{Heap after GC invocations=45 (full 0):
 garbage-first heap   total 270336K, used 151552K [0x0000000080000000, 0x0000000100000000)
  region size 1024K, 5 young (5120K), 5 survivors (5120K)
 Metaspace       used 111286K, committed 113472K, reserved 1179648K
  class space    used 15354K, committed 16384K, reserved 1048576K
}
Event: 38.656 GC heap before
{Heap before GC invocations=45 (full 0):
 garbage-first heap   total 270336K, used 209920K [0x0000000080000000, 0x0000000100000000)
  region size 1024K, 63 young (64512K), 5 survivors (5120K)
 Metaspace       used 114449K, committed 116608K, reserved 1179648K
  class space    used 15649K, committed 16704K, reserved 1048576K
}
Event: 38.673 GC heap after
{Heap after GC invocations=46 (full 0):
 garbage-first heap   total 270336K, used 157347K [0x0000000080000000, 0x0000000100000000)
  region size 1024K, 8 young (8192K), 8 survivors (8192K)
 Metaspace       used 114449K, committed 116608K, reserved 1179648K
  class space    used 15649K, committed 16704K, reserved 1048576K
}
Event: 39.719 GC heap before
{Heap before GC invocations=46 (full 0):
 garbage-first heap   total 270336K, used 217763K [0x0000000080000000, 0x0000000100000000)
  region size 1024K, 67 young (68608K), 8 survivors (8192K)
 Metaspace       used 115145K, committed 117248K, reserved 1179648K
  class space    used 15694K, committed 16704K, reserved 1048576K
}
Event: 39.726 GC heap after
{Heap after GC invocations=47 (full 0):
 garbage-first heap   total 270336K, used 155882K [0x0000000080000000, 0x0000000100000000)
  region size 1024K, 2 young (2048K), 2 survivors (2048K)
 Metaspace       used 115145K, committed 117248K, reserved 1179648K
  class space    used 15694K, committed 16704K, reserved 1048576K
}
Event: 42.056 GC heap before
{Heap before GC invocations=48 (full 0):
 garbage-first heap   total 270336K, used 200938K [0x0000000080000000, 0x0000000100000000)
  region size 1024K, 68 young (69632K), 2 survivors (2048K)
 Metaspace       used 116370K, committed 118528K, reserved 1179648K
  class space    used 15818K, committed 16832K, reserved 1048576K
}
Event: 42.062 GC heap after
{Heap after GC invocations=49 (full 0):
 garbage-first heap   total 270336K, used 134423K [0x0000000080000000, 0x0000000100000000)
  region size 1024K, 2 young (2048K), 2 survivors (2048K)
 Metaspace       used 116370K, committed 118528K, reserved 1179648K
  class space    used 15818K, committed 16832K, reserved 1048576K
}
Event: 44.520 GC heap before
{Heap before GC invocations=49 (full 0):
 garbage-first heap   total 270336K, used 219415K [0x0000000080000000, 0x0000000100000000)
  region size 1024K, 86 young (88064K), 2 survivors (2048K)
 Metaspace       used 118497K, committed 120640K, reserved 1179648K
  class space    used 16070K, committed 17088K, reserved 1048576K
}
Event: 44.535 GC heap after
{Heap after GC invocations=50 (full 0):
 garbage-first heap   total 270336K, used 129605K [0x0000000080000000, 0x0000000100000000)
  region size 1024K, 8 young (8192K), 8 survivors (8192K)
 Metaspace       used 118497K, committed 120640K, reserved 1179648K
  class space    used 16070K, committed 17088K, reserved 1048576K
}
Event: 45.078 GC heap before
{Heap before GC invocations=50 (full 0):
 garbage-first heap   total 270336K, used 155205K [0x0000000080000000, 0x0000000100000000)
  region size 1024K, 35 young (35840K), 8 survivors (8192K)
 Metaspace       used 118802K, committed 120960K, reserved 1179648K
  class space    used 16106K, committed 17152K, reserved 1048576K
}
Event: 45.093 GC heap after
{Heap after GC invocations=51 (full 0):
 garbage-first heap   total 270336K, used 130721K [0x0000000080000000, 0x0000000100000000)
  region size 1024K, 8 young (8192K), 8 survivors (8192K)
 Metaspace       used 118802K, committed 120960K, reserved 1179648K
  class space    used 16106K, committed 17152K, reserved 1048576K
}
Event: 46.900 GC heap before
{Heap before GC invocations=52 (full 0):
 garbage-first heap   total 276480K, used 274081K [0x0000000080000000, 0x0000000100000000)
  region size 1024K, 101 young (103424K), 8 survivors (8192K)
 Metaspace       used 124607K, committed 126784K, reserved 1179648K
  class space    used 16909K, committed 17984K, reserved 1048576K
}
Event: 46.935 GC heap after
{Heap after GC invocations=53 (full 0):
 garbage-first heap   total 296960K, used 172032K [0x0000000080000000, 0x0000000100000000)
  region size 1024K, 13 young (13312K), 13 survivors (13312K)
 Metaspace       used 124607K, committed 126784K, reserved 1179648K
  class space    used 16909K, committed 17984K, reserved 1048576K
}
Event: 48.818 GC heap before
{Heap before GC invocations=53 (full 0):
 garbage-first heap   total 296960K, used 260096K [0x0000000080000000, 0x0000000100000000)
  region size 1024K, 98 young (100352K), 13 survivors (13312K)
 Metaspace       used 127949K, committed 130176K, reserved 1179648K
  class space    used 17532K, committed 18624K, reserved 1048576K
}
Event: 48.884 GC heap after
{Heap after GC invocations=54 (full 0):
 garbage-first heap   total 300032K, used 187392K [0x0000000080000000, 0x0000000100000000)
  region size 1024K, 13 young (13312K), 13 survivors (13312K)
 Metaspace       used 127949K, committed 130176K, reserved 1179648K
  class space    used 17532K, committed 18624K, reserved 1048576K
}

Dll operation events (3 events):
Event: 0.014 Loaded shared library C:\Program Files\Android\Android Studio\jbr\bin\java.dll
Event: 0.026 Loaded shared library C:\Program Files\Android\Android Studio\jbr\bin\zip.dll
Event: 1.041 Loaded shared library C:\Program Files\Android\Android Studio\jbr\bin\verify.dll

Deoptimization events (20 events):
Event: 48.151 Thread 0x0000021daa924d20 Uncommon trap: trap_request=0xffffffde fr.pc=0x0000021d92d7889c relative=0x0000000000000afc
Event: 48.151 Thread 0x0000021daa924d20 Uncommon trap: reason=class_check action=maybe_recompile pc=0x0000021d92d7889c method=com.android.tools.r8.dex.C.a(ILjava/util/function/Supplier;)Ljava/lang/Object; @ 31 c2
Event: 48.151 Thread 0x0000021daa924d20 DEOPT PACKING pc=0x0000021d92d7889c sp=0x0000006b643fe8b0
Event: 48.151 Thread 0x0000021daa924d20 DEOPT UNPACKING pc=0x0000021d91e143a2 sp=0x0000006b643fe8a0 mode 2
Event: 48.153 Thread 0x0000021daa91f140 Uncommon trap: trap_request=0xffffffde fr.pc=0x0000021d92d7889c relative=0x0000000000000afc
Event: 48.153 Thread 0x0000021daa91f140 Uncommon trap: reason=class_check action=maybe_recompile pc=0x0000021d92d7889c method=com.android.tools.r8.dex.C.a(ILjava/util/function/Supplier;)Ljava/lang/Object; @ 31 c2
Event: 48.153 Thread 0x0000021daa91f140 DEOPT PACKING pc=0x0000021d92d7889c sp=0x0000006b627fe990
Event: 48.153 Thread 0x0000021daa91f140 DEOPT UNPACKING pc=0x0000021d91e143a2 sp=0x0000006b627fe980 mode 2
Event: 48.189 Thread 0x0000021daa921210 Uncommon trap: trap_request=0xffffff45 fr.pc=0x0000021d92cf7720 relative=0x00000000000003c0
Event: 48.189 Thread 0x0000021daa921210 Uncommon trap: reason=unstable_if action=reinterpret pc=0x0000021d92cf7720 method=java.util.WeakHashMap.remove(Ljava/lang/Object;)Ljava/lang/Object; @ 92 c2
Event: 48.189 Thread 0x0000021daa921210 DEOPT PACKING pc=0x0000021d92cf7720 sp=0x0000006b642f8bc0
Event: 48.189 Thread 0x0000021daa921210 DEOPT UNPACKING pc=0x0000021d91e143a2 sp=0x0000006b642f8b08 mode 2
Event: 48.551 Thread 0x0000021daa924690 Uncommon trap: trap_request=0xffffff45 fr.pc=0x0000021d92d80518 relative=0x0000000000000138
Event: 48.551 Thread 0x0000021daa924690 Uncommon trap: reason=unstable_if action=reinterpret pc=0x0000021d92d80518 method=com.android.tools.r8.graph.w2.c(Ljava/lang/Object;)Z @ 51 c2
Event: 48.551 Thread 0x0000021daa924690 DEOPT PACKING pc=0x0000021d92d80518 sp=0x0000006b644fec00
Event: 48.551 Thread 0x0000021daa924690 DEOPT UNPACKING pc=0x0000021d91e143a2 sp=0x0000006b644feb90 mode 2
Event: 48.604 Thread 0x0000021daa921210 Uncommon trap: trap_request=0xffffff45 fr.pc=0x0000021d92d79ea8 relative=0x0000000000000168
Event: 48.604 Thread 0x0000021daa921210 Uncommon trap: reason=unstable_if action=reinterpret pc=0x0000021d92d79ea8 method=com.android.tools.r8.internal.oz.get(I)Ljava/lang/Object; @ 1 c2
Event: 48.604 Thread 0x0000021daa921210 DEOPT PACKING pc=0x0000021d92d79ea8 sp=0x0000006b642fe5f0
Event: 48.604 Thread 0x0000021daa921210 DEOPT UNPACKING pc=0x0000021d91e143a2 sp=0x0000006b642fe588 mode 2

Classes loaded (20 events):
Event: 48.016 Loading class java/util/concurrent/ForkJoinTask$InterruptibleTask done
Event: 48.016 Loading class java/util/concurrent/ForkJoinTask$AdaptedInterruptibleCallable done
Event: 48.016 Loading class java/util/concurrent/ForkJoinTask$Aux
Event: 48.016 Loading class java/util/concurrent/ForkJoinTask$Aux done
Event: 48.016 Loading class java/util/concurrent/ForkJoinPool$DefaultForkJoinWorkerThreadFactory$1
Event: 48.016 Loading class java/util/concurrent/ForkJoinPool$DefaultForkJoinWorkerThreadFactory$1 done
Event: 48.017 Loading class java/util/concurrent/CountedCompleter
Event: 48.018 Loading class java/util/concurrent/CountedCompleter done
Event: 48.091 Loading class java/lang/reflect/GenericSignatureFormatError
Event: 48.091 Loading class java/lang/reflect/GenericSignatureFormatError done
Event: 48.168 Loading class java/util/AbstractList$RandomAccessSubList
Event: 48.169 Loading class java/util/AbstractList$SubList
Event: 48.169 Loading class java/util/AbstractList$SubList done
Event: 48.169 Loading class java/util/AbstractList$RandomAccessSubList done
Event: 48.169 Loading class java/util/AbstractList$SubList$1
Event: 48.169 Loading class java/util/AbstractList$SubList$1 done
Event: 48.520 Loading class java/nio/ShortBuffer
Event: 48.521 Loading class java/nio/ShortBuffer done
Event: 48.521 Loading class java/nio/HeapShortBuffer
Event: 48.521 Loading class java/nio/HeapShortBuffer done

Classes unloaded (0 events):
No events

Classes redefined (0 events):
No events

Internal exceptions (20 events):
Event: 48.624 Thread 0x0000021daa924690 Exception <a 'sun/nio/fs/WindowsException'{0x000000008b7ed640}> (0x000000008b7ed640) 
thrown [s\src\hotspot\share\prims\jni.cpp, line 537]
Event: 48.624 Thread 0x0000021daa924d20 Exception <a 'sun/nio/fs/WindowsException'{0x000000008b7f75e0}> (0x000000008b7f75e0) 
thrown [s\src\hotspot\share\prims\jni.cpp, line 537]
Event: 48.624 Thread 0x0000021daa924690 Exception <a 'sun/nio/fs/WindowsException'{0x000000008b7f3488}> (0x000000008b7f3488) 
thrown [s\src\hotspot\share\prims\jni.cpp, line 537]
Event: 48.625 Thread 0x0000021daa924d20 Exception <a 'sun/nio/fs/WindowsException'{0x000000008b6128d0}> (0x000000008b6128d0) 
thrown [s\src\hotspot\share\prims\jni.cpp, line 537]
Event: 48.626 Thread 0x0000021daa924690 Exception <a 'sun/nio/fs/WindowsException'{0x000000008b60a9e8}> (0x000000008b60a9e8) 
thrown [s\src\hotspot\share\prims\jni.cpp, line 537]
Event: 48.628 Thread 0x0000021daa91f140 Exception <a 'sun/nio/fs/WindowsException'{0x000000008b7e0608}> (0x000000008b7e0608) 
thrown [s\src\hotspot\share\prims\jni.cpp, line 537]
Event: 48.633 Thread 0x0000021daa91f140 Exception <a 'sun/nio/fs/WindowsException'{0x000000008b640220}> (0x000000008b640220) 
thrown [s\src\hotspot\share\prims\jni.cpp, line 537]
Event: 48.634 Thread 0x0000021daa91f140 Exception <a 'sun/nio/fs/WindowsException'{0x000000008b647038}> (0x000000008b647038) 
thrown [s\src\hotspot\share\prims\jni.cpp, line 537]
Event: 48.634 Thread 0x0000021daa91f140 Exception <a 'sun/nio/fs/WindowsException'{0x000000008b6502d0}> (0x000000008b6502d0) 
thrown [s\src\hotspot\share\prims\jni.cpp, line 537]
Event: 48.635 Thread 0x0000021daa91f140 Exception <a 'sun/nio/fs/WindowsException'{0x000000008b655078}> (0x000000008b655078) 
thrown [s\src\hotspot\share\prims\jni.cpp, line 537]
Event: 48.637 Thread 0x0000021daa91f140 Exception <a 'sun/nio/fs/WindowsException'{0x000000008b659b98}> (0x000000008b659b98) 
thrown [s\src\hotspot\share\prims\jni.cpp, line 537]
Event: 48.638 Thread 0x0000021daa91f140 Exception <a 'sun/nio/fs/WindowsException'{0x000000008b65de20}> (0x000000008b65de20) 
thrown [s\src\hotspot\share\prims\jni.cpp, line 537]
Event: 48.641 Thread 0x0000021daa91f140 Exception <a 'sun/nio/fs/WindowsException'{0x000000008b666460}> (0x000000008b666460) 
thrown [s\src\hotspot\share\prims\jni.cpp, line 537]
Event: 48.643 Thread 0x0000021daa924d20 Exception <a 'sun/nio/fs/WindowsException'{0x000000008b61cff8}> (0x000000008b61cff8) 
thrown [s\src\hotspot\share\prims\jni.cpp, line 537]
Event: 48.646 Thread 0x0000021daa921210 Exception <a 'sun/nio/fs/WindowsException'{0x000000008b741e68}> (0x000000008b741e68) 
thrown [s\src\hotspot\share\prims\jni.cpp, line 537]
Event: 48.649 Thread 0x0000021daa924d20 Exception <a 'sun/nio/fs/WindowsException'{0x000000008b69b048}> (0x000000008b69b048) 
thrown [s\src\hotspot\share\prims\jni.cpp, line 537]
Event: 48.694 Thread 0x0000021daa921210 Exception <a 'sun/nio/fs/WindowsException'{0x000000008b5324b0}> (0x000000008b5324b0) 
thrown [s\src\hotspot\share\prims\jni.cpp, line 537]
Event: 48.709 Thread 0x0000021daa91f140 Exception <a 'sun/nio/fs/WindowsException'{0x000000008b5ab688}> (0x000000008b5ab688) 
thrown [s\src\hotspot\share\prims\jni.cpp, line 537]
Event: 48.725 Thread 0x0000021daa924690 Exception <a 'sun/nio/fs/WindowsException'{0x000000008b445cf0}> (0x000000008b445cf0) 
thrown [s\src\hotspot\share\prims\jni.cpp, line 537]
Event: 48.737 Thread 0x0000021daa924690 Exception <a 'sun/nio/fs/WindowsException'{0x000000008b4ac608}> (0x000000008b4ac608) 
thrown [s\src\hotspot\share\prims\jni.cpp, line 537]

ZGC Phase Switch (0 events):
No events

VM Operations (20 events):
Event: 46.005 Executing VM operation: HandshakeAllThreads (Deoptimize)
Event: 46.006 Executing VM operation: HandshakeAllThreads (Deoptimize) done
Event: 46.215 Executing VM operation: HandshakeAllThreads (Deoptimize)
Event: 46.268 Executing VM operation: HandshakeAllThreads (Deoptimize) done
Event: 46.349 Executing VM operation: HandshakeAllThreads (Deoptimize)
Event: 46.350 Executing VM operation: HandshakeAllThreads (Deoptimize) done
Event: 46.387 Executing VM operation: HandshakeAllThreads (Deoptimize)
Event: 46.401 Executing VM operation: HandshakeAllThreads (Deoptimize) done
Event: 46.427 Executing VM operation: ICBufferFull
Event: 46.428 Executing VM operation: ICBufferFull done
Event: 46.669 Executing VM operation: HandshakeAllThreads (Deoptimize)
Event: 46.670 Executing VM operation: HandshakeAllThreads (Deoptimize) done
Event: 46.899 Executing VM operation: G1CollectForAllocation (G1 Evacuation Pause)
Event: 46.935 Executing VM operation: G1CollectForAllocation (G1 Evacuation Pause) done
Event: 48.651 Executing VM operation: HandshakeAllThreads (Deoptimize)
Event: 48.652 Executing VM operation: HandshakeAllThreads (Deoptimize) done
Event: 48.652 Executing VM operation: Cleanup
Event: 48.652 Executing VM operation: Cleanup done
Event: 48.818 Executing VM operation: G1CollectForAllocation (G1 Evacuation Pause)
Event: 48.884 Executing VM operation: G1CollectForAllocation (G1 Evacuation Pause) done

Memory protections (0 events):
No events

Nmethod flushes (20 events):
Event: 45.473 Thread 0x0000021d9e71b630 flushing  nmethod 0x0000021d8bd82090
Event: 45.473 Thread 0x0000021d9e71b630 flushing  nmethod 0x0000021d8bd82910
Event: 45.473 Thread 0x0000021d9e71b630 flushing  nmethod 0x0000021d8bd84f90
Event: 45.473 Thread 0x0000021d9e71b630 flushing  nmethod 0x0000021d8bd85410
Event: 45.473 Thread 0x0000021d9e71b630 flushing  nmethod 0x0000021d8bee7510
Event: 45.473 Thread 0x0000021d9e71b630 flushing  nmethod 0x0000021d8bee8b10
Event: 45.473 Thread 0x0000021d9e71b630 flushing  nmethod 0x0000021d8bf2fd90
Event: 45.473 Thread 0x0000021d9e71b630 flushing  nmethod 0x0000021d8bf33590
Event: 45.473 Thread 0x0000021d9e71b630 flushing  nmethod 0x0000021d8bf3b790
Event: 45.473 Thread 0x0000021d9e71b630 flushing  nmethod 0x0000021d8bf3d410
Event: 45.473 Thread 0x0000021d9e71b630 flushing  nmethod 0x0000021d8bf53290
Event: 45.473 Thread 0x0000021d9e71b630 flushing  nmethod 0x0000021d8bf56f10
Event: 45.473 Thread 0x0000021d9e71b630 flushing  nmethod 0x0000021d8bf61890
Event: 45.473 Thread 0x0000021d9e71b630 flushing  nmethod 0x0000021d8bfa3710
Event: 45.473 Thread 0x0000021d9e71b630 flushing  nmethod 0x0000021d8bfd1990
Event: 45.473 Thread 0x0000021d9e71b630 flushing  nmethod 0x0000021d8c008c10
Event: 45.473 Thread 0x0000021d9e71b630 flushing  nmethod 0x0000021d8c009210
Event: 45.473 Thread 0x0000021d9e71b630 flushing  nmethod 0x0000021d8c010a90
Event: 45.473 Thread 0x0000021d9e71b630 flushing  nmethod 0x0000021d8c0aab10
Event: 45.473 Thread 0x0000021d9e71b630 flushing  nmethod 0x0000021d8c0d1210

Events (20 events):
Event: 44.045 Thread 0x0000021da7853310 Thread added: 0x0000021da54dd600
Event: 44.045 Thread 0x0000021da7853310 Thread added: 0x0000021da54ddc90
Event: 44.395 Thread 0x0000021da7852c80 Thread added: 0x0000021da54e1110
Event: 44.432 Thread 0x0000021da7852c80 Thread added: 0x0000021da54df040
Event: 44.433 Thread 0x0000021da7852c80 Thread added: 0x0000021da54e17a0
Event: 44.434 Thread 0x0000021da7852c80 Thread added: 0x0000021da54e1e30
Event: 44.622 Thread 0x0000021da7852c80 Thread added: 0x0000021da6bc7210
Event: 44.623 Thread 0x0000021da7852c80 Thread added: 0x0000021da6bc92e0
Event: 44.625 Thread 0x0000021da7852c80 Thread added: 0x0000021da6bc64f0
Event: 45.294 Thread 0x0000021da7851240 Thread added: 0x0000021da6bc4ab0
Event: 45.319 Thread 0x0000021da7851240 Thread added: 0x0000021da6bc3070
Event: 45.319 Thread 0x0000021da7851240 Thread added: 0x0000021da6bc3700
Event: 46.365 Thread 0x0000021da7854d50 Thread added: 0x0000021da7468380
Event: 46.411 Thread 0x0000021da7854d50 Thread added: 0x0000021da6bc3d90
Event: 46.411 Thread 0x0000021da7854d50 Thread added: 0x0000021daa923970
Event: 47.106 Thread 0x0000021daa025940 Thread exited: 0x0000021daa025940
Event: 48.017 Thread 0x0000021da54e24c0 Thread added: 0x0000021daa91f140
Event: 48.033 Thread 0x0000021daa91f140 Thread added: 0x0000021daa921210
Event: 48.061 Thread 0x0000021daa921210 Thread added: 0x0000021daa924d20
Event: 48.069 Thread 0x0000021daa924d20 Thread added: 0x0000021daa924690


Dynamic libraries:
0x00007ff660fb0000 - 0x00007ff660fba000 	C:\Program Files\Android\Android Studio\jbr\bin\java.exe
0x00007ffc7a530000 - 0x00007ffc7a728000 	C:\Windows\SYSTEM32\ntdll.dll
0x00007ffc79a00000 - 0x00007ffc79ac2000 	C:\Windows\System32\KERNEL32.DLL
0x00007ffc780b0000 - 0x00007ffc783a6000 	C:\Windows\System32\KERNELBASE.dll
0x00007ffc783b0000 - 0x00007ffc784b0000 	C:\Windows\System32\ucrtbase.dll
0x00007ffc61080000 - 0x00007ffc61098000 	C:\Program Files\Android\Android Studio\jbr\bin\jli.dll
0x00007ffc6e610000 - 0x00007ffc6e62b000 	C:\Program Files\Android\Android Studio\jbr\bin\VCRUNTIME140.dll
0x00007ffc78e00000 - 0x00007ffc78fa1000 	C:\Windows\System32\USER32.dll
0x00007ffc67aa0000 - 0x00007ffc67d3b000 	C:\Windows\WinSxS\amd64_microsoft.windows.common-controls_6595b64144ccf1df_6.0.19041.6456_none_60b8a6cb71f64256\COMCTL32.dll
0x00007ffc77db0000 - 0x00007ffc77dd2000 	C:\Windows\System32\win32u.dll
0x00007ffc78a00000 - 0x00007ffc78a9e000 	C:\Windows\System32\msvcrt.dll
0x00007ffc786c0000 - 0x00007ffc786eb000 	C:\Windows\System32\GDI32.dll
0x00007ffc77c10000 - 0x00007ffc77d29000 	C:\Windows\System32\gdi32full.dll
0x00007ffc784b0000 - 0x00007ffc7854d000 	C:\Windows\System32\msvcp_win.dll
0x00007ffc78820000 - 0x00007ffc7884f000 	C:\Windows\System32\IMM32.DLL
0x00007ffc73ba0000 - 0x00007ffc73bac000 	C:\Program Files\Android\Android Studio\jbr\bin\vcruntime140_1.dll
0x00007ffc510c0000 - 0x00007ffc5114d000 	C:\Program Files\Android\Android Studio\jbr\bin\msvcp140.dll
0x00007ffbed660000 - 0x00007ffbee2f6000 	C:\Program Files\Android\Android Studio\jbr\bin\server\jvm.dll
0x00007ffc7a430000 - 0x00007ffc7a4e1000 	C:\Windows\System32\ADVAPI32.dll
0x00007ffc790d0000 - 0x00007ffc7916f000 	C:\Windows\System32\sechost.dll
0x00007ffc798e0000 - 0x00007ffc79a00000 	C:\Windows\System32\RPCRT4.dll
0x00007ffc77de0000 - 0x00007ffc77e07000 	C:\Windows\System32\bcrypt.dll
0x00007ffc79ad0000 - 0x00007ffc79b3b000 	C:\Windows\System32\WS2_32.dll
0x00007ffc77110000 - 0x00007ffc7715b000 	C:\Windows\SYSTEM32\POWRPROF.dll
0x00007ffc682f0000 - 0x00007ffc682fa000 	C:\Windows\SYSTEM32\VERSION.dll
0x00007ffc67830000 - 0x00007ffc67857000 	C:\Windows\SYSTEM32\WINMM.dll
0x00007ffc76f80000 - 0x00007ffc76f92000 	C:\Windows\SYSTEM32\UMPDC.dll
0x00007ffc759f0000 - 0x00007ffc75a02000 	C:\Windows\SYSTEM32\kernel.appcore.dll
0x00007ffc6e5a0000 - 0x00007ffc6e5aa000 	C:\Program Files\Android\Android Studio\jbr\bin\jimage.dll
0x00007ffc67890000 - 0x00007ffc67a91000 	C:\Windows\SYSTEM32\DBGHELP.DLL
0x00007ffc592c0000 - 0x00007ffc592f4000 	C:\Windows\SYSTEM32\dbgcore.DLL
0x00007ffc77e10000 - 0x00007ffc77e92000 	C:\Windows\System32\bcryptPrimitives.dll
0x00007ffc71890000 - 0x00007ffc7189e000 	C:\Program Files\Android\Android Studio\jbr\bin\instrument.dll
0x00007ffc6e320000 - 0x00007ffc6e340000 	C:\Program Files\Android\Android Studio\jbr\bin\java.dll
0x00007ffc6e1a0000 - 0x00007ffc6e1b8000 	C:\Program Files\Android\Android Studio\jbr\bin\zip.dll
0x00007ffc79170000 - 0x00007ffc798e0000 	C:\Windows\System32\SHELL32.dll
0x00007ffc75bf0000 - 0x00007ffc76395000 	C:\Windows\SYSTEM32\windows.storage.dll
0x00007ffc78aa0000 - 0x00007ffc78df4000 	C:\Windows\System32\combase.dll
0x00007ffc77510000 - 0x00007ffc7753b000 	C:\Windows\SYSTEM32\Wldp.dll
0x00007ffc79e60000 - 0x00007ffc79f2d000 	C:\Windows\System32\OLEAUT32.dll
0x00007ffc78610000 - 0x00007ffc786bd000 	C:\Windows\System32\SHCORE.dll
0x00007ffc787c0000 - 0x00007ffc7881b000 	C:\Windows\System32\shlwapi.dll
0x00007ffc77af0000 - 0x00007ffc77b14000 	C:\Windows\SYSTEM32\profapi.dll
0x00007ffc6e110000 - 0x00007ffc6e120000 	C:\Program Files\Android\Android Studio\jbr\bin\net.dll
0x00007ffc70b40000 - 0x00007ffc70c4a000 	C:\Windows\SYSTEM32\WINHTTP.dll
0x00007ffc772f0000 - 0x00007ffc7735a000 	C:\Windows\system32\mswsock.dll
0x00007ffc6c1e0000 - 0x00007ffc6c1f6000 	C:\Program Files\Android\Android Studio\jbr\bin\nio.dll
0x00007ffc69060000 - 0x00007ffc69070000 	C:\Program Files\Android\Android Studio\jbr\bin\verify.dll
0x00007ffc58630000 - 0x00007ffc58657000 	C:\Users\Tortue\.gradle\native\c067742578af261105cb4f569cf0c3c89f3d7b1fecec35dd04571415982c5e48\windows-amd64\native-platform.dll
0x00007ffc03970000 - 0x00007ffc03ab4000 	C:\Users\Tortue\.gradle\native\38dada09dfb8b06ba9b0570ebf7e218e3eb74d4ef43ca46872605cf95ebc2f47\windows-amd64\native-platform-file-events.dll
0x00007ffc6bd30000 - 0x00007ffc6bd39000 	C:\Program Files\Android\Android Studio\jbr\bin\management.dll
0x00007ffc69b30000 - 0x00007ffc69b3b000 	C:\Program Files\Android\Android Studio\jbr\bin\management_ext.dll
0x00007ffc79e50000 - 0x00007ffc79e58000 	C:\Windows\System32\PSAPI.DLL
0x00007ffc77550000 - 0x00007ffc77568000 	C:\Windows\SYSTEM32\CRYPTSP.dll
0x00007ffc76bc0000 - 0x00007ffc76bf8000 	C:\Windows\system32\rsaenh.dll
0x00007ffc77ab0000 - 0x00007ffc77ade000 	C:\Windows\SYSTEM32\USERENV.dll
0x00007ffc77480000 - 0x00007ffc7748c000 	C:\Windows\SYSTEM32\CRYPTBASE.dll
0x00007ffc76fa0000 - 0x00007ffc76fdb000 	C:\Windows\SYSTEM32\IPHLPAPI.DLL
0x00007ffc79b40000 - 0x00007ffc79b48000 	C:\Windows\System32\NSI.dll
0x00007ffc6cb90000 - 0x00007ffc6cb99000 	C:\Program Files\Android\Android Studio\jbr\bin\extnet.dll
0x00007ffc6cbf0000 - 0x00007ffc6cbf7000 	C:\Windows\system32\wshunix.dll
0x00007ffc76e10000 - 0x00007ffc76e43000 	C:\Windows\SYSTEM32\ntmarta.dll

JVMTI agents:
C:\Users\Tortue\.gradle\wrapper\dists\gradle-8.7-bin\bhs2wmbdwecv87pi65oeuq5iu\gradle-8.7\lib\agents\gradle-instrumentation-agent-8.7.jar path:C:\Program Files\Android\Android Studio\jbr\bin\instrument.dll, loaded, initialized, instrumentlib options:none

dbghelp: loaded successfully - version: 4.0.5 - missing functions: none
symbol engine: initialized successfully - sym options: 0x614 - pdb path: .;C:\Program Files\Android\Android Studio\jbr\bin;C:\Windows\SYSTEM32;C:\Windows\WinSxS\amd64_microsoft.windows.common-controls_6595b64144ccf1df_6.0.19041.6456_none_60b8a6cb71f64256;C:\Program Files\Android\Android Studio\jbr\bin\server;C:\Users\Tortue\.gradle\native\c067742578af261105cb4f569cf0c3c89f3d7b1fecec35dd04571415982c5e48\windows-amd64;C:\Users\Tortue\.gradle\native\38dada09dfb8b06ba9b0570ebf7e218e3eb74d4ef43ca46872605cf95ebc2f47\windows-amd64

VM Arguments:
jvm_args: --add-opens=java.base/java.util=ALL-UNNAMED --add-opens=java.base/java.lang=ALL-UNNAMED --add-opens=java.base/java.lang.invoke=ALL-UNNAMED --add-opens=java.prefs/java.util.prefs=ALL-UNNAMED --add-opens=java.base/java.nio.charset=ALL-UNNAMED --add-opens=java.base/java.net=ALL-UNNAMED --add-opens=java.base/java.util.concurrent.atomic=ALL-UNNAMED -Xmx2048m -Dfile.encoding=UTF-8 -Duser.country=LU -Duser.language=fr -Duser.variant -javaagent:C:\Users\Tortue\.gradle\wrapper\dists\gradle-8.7-bin\bhs2wmbdwecv87pi65oeuq5iu\gradle-8.7\lib\agents\gradle-instrumentation-agent-8.7.jar 
java_command: org.gradle.launcher.daemon.bootstrap.GradleDaemon 8.7
java_class_path (initial): C:\Users\Tortue\.gradle\wrapper\dists\gradle-8.7-bin\bhs2wmbdwecv87pi65oeuq5iu\gradle-8.7\lib\gradle-launcher-8.7.jar
Launcher Type: SUN_STANDARD

[Global flags]
     intx CICompilerCount                          = 3                                         {product} {ergonomic}
     uint ConcGCThreads                            = 1                                         {product} {ergonomic}
     uint G1ConcRefinementThreads                  = 4                                         {product} {ergonomic}
   size_t G1HeapRegionSize                         = 1048576                                   {product} {ergonomic}
    uintx GCDrainStackTargetSize                   = 64                                        {product} {ergonomic}
   size_t InitialHeapSize                          = 201326592                                 {product} {ergonomic}
   size_t MarkStackSize                            = 4194304                                   {product} {ergonomic}
   size_t MaxHeapSize                              = 2147483648                                {product} {command line}
   size_t MaxNewSize                               = 1287651328                                {product} {ergonomic}
   size_t MinHeapDeltaBytes                        = 1048576                                   {product} {ergonomic}
   size_t MinHeapSize                              = 8388608                                   {product} {ergonomic}
    uintx NonNMethodCodeHeapSize                   = 5832780                                {pd product} {ergonomic}
    uintx NonProfiledCodeHeapSize                  = 122912730                              {pd product} {ergonomic}
    uintx ProfiledCodeHeapSize                     = 122912730                              {pd product} {ergonomic}
    uintx ReservedCodeCacheSize                    = 251658240                              {pd product} {ergonomic}
     bool SegmentedCodeCache                       = true                                      {product} {ergonomic}
   size_t SoftMaxHeapSize                          = 2147483648                             {manageable} {ergonomic}
     bool UseCompressedOops                        = true                           {product lp64_product} {ergonomic}
     bool UseG1GC                                  = true                                      {product} {ergonomic}
     bool UseLargePagesIndividualAllocation        = false                                  {pd product} {ergonomic}

Logging:
Log output configuration:
 #0: stdout all=warning uptime,level,tags foldmultilines=false
 #1: stderr all=off uptime,level,tags foldmultilines=false

Release file:
JAVA_VERSION="21.0.9" 
MODULES="java.base java.compiler java.datatransfer java.xml java.prefs java.desktop java.instrument java.logging java.management java.security.sasl java.naming java.rmi java.management.rmi java.net.http java.scripting java.security.jgss java.transaction.xa java.sql java.sql.rowset java.xml.crypto java.se java.smartcardio jdk.accessibility jdk.internal.jvmstat jdk.attach jdk.charsets jdk.internal.opt jdk.zipfs jdk.compiler jdk.crypto.ec jdk.crypto.cryptoki jdk.dynalink jdk.hotspot.agent jdk.httpserver jdk.internal.ed jdk.internal.le jdk.internal.vm.ci jdk.jartool jdk.javadoc jdk.jcmd jdk.jdeps jdk.jdwp.agent jdk.jdi jdk.jfr jdk.jlink jdk.jsobject jdk.localedata jdk.management jdk.management.agent jdk.management.jfr jdk.naming.dns jdk.naming.rmi jdk.net jdk.sctp jdk.security.auth jdk.security.jgss jdk.unsupported jdk.unsupported.desktop jdk.xml.dom" 
IMPLEMENTOR="JetBrains s.r.o." 
JAVA_RUNTIME_VERSION="21.0.9+-14787801-b1163.94" 
LIBC="default" 
OS_ARCH="x86_64" 
OS_NAME="Windows" 
SOURCE=".:git:0c757ddc9f2f" 

Environment Variables:
PATH=C:\Program Files\Common Files\Oracle\Java\javapath;C:\Program Files (x86)\Common Files\Oracle\Java\javapath;C:\Python314\Scripts\;C:\Python314\;C:\Windows\system32;C:\Windows;C:\Windows\System32\Wbem;C:\Windows\System32\WindowsPowerShell\v1.0\;C:\Windows\System32\OpenSSH\;C:\Program Files\nodejs\;C:\ProgramData\chocolatey\bin;C:\Program Files\Git\cmd;C:\Program Files\dotnet\;C:\Program Files\Docker\Docker\resources\bin;C:\apache-maven-3.9.14\bin;C:\laragon\bin\php\php-8.3.30-Win32-vs16-x64;C:\Users\Tortue\AppData\Local\Microsoft\WindowsApps;C:\Users\Tortue\AppData\Local\Programs\Antigravity\bin;C:\Users\Tortue\AppData\Local\Programs\Microsoft VS Code\bin;C:\Users\Tortue\AppData\Roaming\npm;C:\Users\Tortue\AppData\Local\GitHubDesktop\bin
USERNAME=Tortue
OS=Windows_NT
PROCESSOR_IDENTIFIER=Intel64 Family 6 Model 60 Stepping 3, GenuineIntel
TMP=C:\Users\Tortue\AppData\Local\Temp
TEMP=C:\Users\Tortue\AppData\Local\Temp




Periodic native trim disabled

JNI global refs:
JNI global refs: 28, weak refs: 32

JNI global refs memory usage: 835, weak refs: 833

Process memory usage:
Resident Set Size: 633536K (5% of 12488984K total physical memory with 3928120K free physical memory)

OOME stack traces (most recent first):
Classloader memory used:
Loader org.gradle.internal.classloader.VisitableURLClassLoader$InstrumentingVisitableURLClassLoader: 41953K
Loader org.gradle.internal.classloader.VisitableURLClassLoader                         : 41711K
Loader bootstrap                                                                       : 31287K
Loader org.gradle.initialization.MixInLegacyTypesClassLoader                           : 11438K
Loader jdk.internal.loader.ClassLoaders$PlatformClassLoader                            : 568K
Loader jdk.internal.reflect.DelegatingClassLoader                                      : 500K
Loader jdk.internal.loader.ClassLoaders$AppClassLoader                                 : 230K
Loader org.gradle.internal.classloader.VisitableURLClassLoader                         : 172K
Loader org.gradle.groovy.scripts.internal.DefaultScriptCompilationHandler$ScriptClassLoader: 135K
Loader org.codehaus.groovy.runtime.callsite.CallSiteClassLoader                        : 27488B
Loader sun.reflect.misc.MethodUtil                                                     : 2984B


[error occurred during error reporting (Classloader stats), id 0xe0000001, Out of Memory Error (s\src\hotspot\share\memory\arena.cpp:168)]
---------------  S Y S T E M  ---------------

OS:
 Windows 10 , 64 bit Build 19041 (10.0.19041.5915)
OS uptime: 0 days 19:57 hours
Hyper-V role detected

CPU: total 4 (initial active 4) (2 cores per cpu, 2 threads per core) family 6 model 60 stepping 3 microcode 0x27, cx8, cmov, fxsr, ht, mmx, sse, sse2, sse3, ssse3, sse4.1, sse4.2, popcnt, lzcnt, tsc, tscinvbit, avx, avx2, aes, erms, clmul, bmi1, bmi2, fma, vzeroupper, clflush, hv, rdtscp, f16c
Processor Information for the first 4 processors :
  Max Mhz: 2500, Current Mhz: 2400, Mhz Limit: 2400

Memory: 4k page, system-wide physical 12196M (3832M free)
TotalPageFile size 27348M (AvailPageFile size 4M)
current process WorkingSet (physical memory assigned to process): 620M, peak: 620M
current process commit charge ("private bytes"): 652M, peak: 652M

vm_info: OpenJDK 64-Bit Server VM (21.0.9+-14787801-b1163.94) for windows-amd64 JRE (21.0.9+-14787801-b1163.94), built on 2026-01-27T21:15:44Z by "builder" with MS VC++ 16.10 / 16.11 (VS2019)

END.
